"word","sentiment"
"abandon","negative"
"abandonment","negative"
"abate","negative"
"abdicate","negative"
"abhor","negative"
"abide","positive"
"ability","positive"
"abject","negative"
"able","positive"
"abnormal","negative"
"abolish","negative"
"abominable","negative"
"abound","positive"
"abrasive","negative"
"abrupt","negative"
"abscond","negative"
"absence","negative"
"absent#1","negative"
"absent-minded","negative"
"absentee","negative"
"absolve","positive"
"absorbent","positive"
"absorption","positive"
"absurd","negative"
"absurdity","negative"
"abundance","positive"
"abundant","positive"
"abuse#1","negative"
"abuse#2","negative"
"abyss","negative"
"accede","positive"
"accentuate","positive"
"accept","positive"
"acceptable","positive"
"acceptance","positive"
"accessible","positive"
"accession","positive"
"accident","negative"
"acclaim","positive"
"acclamation","positive"
"accolade","positive"
"accommodate","positive"
"accommodation","positive"
"accompaniment","positive"
"accomplish","positive"
"accomplishment","positive"
"accord#2","positive"
"accord#3","positive"
"accord#5","positive"
"accordance","positive"
"accost","negative"
"accountable","positive"
"accrue","positive"
"accuracy","positive"
"accurate","positive"
"accurateness","positive"
"accursed","negative"
"accusation","negative"
"accuse#1","negative"
"accuse#2","negative"
"ache","negative"
"achieve","positive"
"achievement","positive"
"acknowledgement","positive"
"acquaint","positive"
"acquaintance","positive"
"acquit","positive"
"acquittal","positive"
"acrimonious","negative"
"acrimony","negative"
"actual#1","positive"
"actual#2","positive"
"actuality","positive"
"adamant","positive"
"adaptability","positive"
"adaptable","positive"
"adaptation","positive"
"adaptive","positive"
"addict","negative"
"addiction","negative"
"adept","positive"
"adeptness","positive"
"adequate","positive"
"adherence","positive"
"adherent","positive"
"adhesion","positive"
"adhesive","positive"
"adjunct","positive"
"adjust#2","positive"
"adjustable","positive"
"adjustment","positive"
"admirable","positive"
"admiration","positive"
"admire","positive"
"admirer","positive"
"admit#1","positive"
"admit#2","positive"
"admit#3","positive"
"admittance","positive"
"admonish","negative"
"admonition","negative"
"adorable","positive"
"adore","positive"
"adorn","positive"
"adornment","positive"
"adroit","positive"
"adroitly","positive"
"adulation","positive"
"adult#2","positive"
"adulterate","negative"
"adulteration","negative"
"adultery","negative"
"advance#1","positive"
"advance#2","positive"
"advance#3","positive"
"advancement","positive"
"advantage","positive"
"advantageous","positive"
"advent","positive"
"adventuresome","positive"
"adventurous","positive"
"adversary","negative"
"adverse","negative"
"adversity","negative"
"advisable","positive"
"advocacy","positive"
"affability","positive"
"affable","positive"
"affectation","negative"
"affection","positive"
"affectionate","positive"
"affiliate","positive"
"affiliation","positive"
"affinity","positive"
"affirm","positive"
"affirmation","positive"
"affirmative","positive"
"affix","positive"
"afflict","negative"
"affliction","negative"
"affluence","positive"
"affluent","positive"
"afloat","positive"
"afraid#2","negative"
"against","negative"
"aggravate","negative"
"aggravation","negative"
"aggregate","positive"
"aggregation","positive"
"aggression","negative"
"aggressive","negative"
"aggressiveness","negative"
"aggressor","negative"
"aggrieve","negative"
"aghast","negative"
"agile","positive"
"agility","positive"
"agitate","negative"
"agitation","negative"
"agitator","negative"
"agonize","negative"
"agony","negative"
"agreeable","positive"
"agreement","positive"
"aid#1","positive"
"aid#2","positive"
"ail","negative"
"ailment","negative"
"aimless","negative"
"alarm#2","negative"
"alarming","negative"
"alas","negative"
"alertness","positive"
"alibi","negative"
"alien","negative"
"alienate","negative"
"alienation","negative"
"alight","positive"
"alive","positive"
"allegation","negative"
"allege","negative"
"allegiance","positive"
"alleviate","positive"
"alliance","positive"
"allied","positive"
"allies","positive"
"allow#1","positive"
"allowable","positive"
"allowance","positive"
"allure","positive"
"ally#1","positive"
"almighty","positive"
"aloof","negative"
"altercation","negative"
"altruistic","positive"
"amazement","positive"
"amazing","positive"
"ambiguity","negative"
"ambiguous","negative"
"ambivalent","negative"
"ambush#1","negative"
"ambush#2","negative"
"ameliorate","positive"
"amenable","positive"
"amenity","positive"
"amiability","positive"
"amiable","positive"
"amicable","positive"
"amiss","negative"
"amnesty","positive"
"amour","positive"
"ample","positive"
"amplify","positive"
"amply","positive"
"amputate","negative"
"amuse","positive"
"amusement","positive"
"anarchist","negative"
"anarchy","negative"
"angel","positive"
"angelic","positive"
"anger#1","negative"
"anger#2","negative"
"angry","negative"
"anguish","negative"
"animosity","negative"
"annihilate","negative"
"annihilation","negative"
"annoy","negative"
"annoyance","negative"
"anoint","positive"
"anomalous","negative"
"anomaly","negative"
"antagonism","negative"
"antagonist","negative"
"antagonistic","negative"
"antagonize","negative"
"anti-social","negative"
"antipathy","negative"
"antiquated","negative"
"antitrust","negative"
"anxiety","negative"
"anxious#2","negative"
"anxious#3","negative"
"anxiousness","negative"
"apathetic","negative"
"apathy","negative"
"apocalypse","positive"
"appall#1","negative"
"appall#2","negative"
"appeal#3","positive"
"appease","positive"
"append","positive"
"applaud","positive"
"applause","positive"
"appoint#1","positive"
"appoint#2","positive"
"appreciable","positive"
"appreciate","positive"
"appreciation","positive"
"appreciative","positive"
"apprehend","positive"
"apprehension","negative"
"apprehensive","negative"
"approach#1","positive"
"approach#2","positive"
"appropriate#1","positive"
"approval","positive"
"approve#1","positive"
"approve#2","positive"
"apt","positive"
"aptitude","positive"
"arbiter","positive"
"arbitrary","negative"
"arbitrate","positive"
"arbitration","positive"
"ardent","positive"
"arduous","negative"
"argue#1","negative"
"argument#1","negative"
"arisen","positive"
"aristocracy","positive"
"aristocrat","positive"
"aristocratic","positive"
"arrest#1","negative"
"arrest#2","negative"
"arrest#3","positive"
"arrogance","negative"
"arrogant","negative"
"art#1","positive"
"art#4","positive"
"artificial","negative"
"ascribe","positive"
"ashamed","negative"
"aspiration","positive"
"aspire","positive"
"assail","negative"
"assailant","negative"
"assassin","negative"
"assassinate","negative"
"assault#1","negative"
"assault#2","negative"
"assent","positive"
"assertion","positive"
"asset","positive"
"assist#1","positive"
"assist#2","positive"
"assistance","positive"
"assistant","positive"
"associate#1","positive"
"associate#2","positive"
"associate#3","positive"
"association#1","positive"
"association#2","positive"
"assurance","positive"
"assure#1","positive"
"assure#2","positive"
"assure#3","positive"
"assuredly","positive"
"astound","positive"
"astray","negative"
"astute","positive"
"asunder","negative"
"athletic","positive"
"atrocious","negative"
"atrophy","negative"
"attachment","positive"
"attack#1","negative"
"attack#2","negative"
"attack#3","negative"
"attain","positive"
"attainment","positive"
"attend#1","positive"
"attendance","positive"
"attentive","positive"
"attract","positive"
"attraction","positive"
"attractive","positive"
"attractiveness","positive"
"attune","positive"
"audacious","negative"
"audacity","negative"
"audible","positive"
"augment","positive"
"augmentation","positive"
"auspicious","positive"
"austere","negative"
"authentic","positive"
"authenticity","positive"
"authoritative","positive"
"authority","positive"
"autocrat","negative"
"autocratic","negative"
"autonomous","positive"
"availability","positive"
"avarice","negative"
"avaricious","negative"
"avenge","negative"
"aversion","negative"
"avert","negative"
"avid","positive"
"avoid","negative"
"avoidance","negative"
"award#1","positive"
"award#2","positive"
"aware","positive"
"awareness","positive"
"awful#1","negative"
"awkward","negative"
"awkwardness","negative"
"ax","negative"
"babble","negative"
"back#2","positive"
"back#5","positive"
"backbone","positive"
"backer","positive"
"backing","positive"
"backward","negative"
"backwardness","negative"
"bad","negative"
"badly","negative"
"baffle","negative"
"bafflement","negative"
"bail","negative"
"bait","negative"
"balk","negative"
"ball#5","positive"
"ball#6","positive"
"balmy","positive"
"banal","negative"
"bandit","negative"
"bane","negative"
"banish#1","negative"
"banish#2","negative"
"banishment","negative"
"bankrupt","negative"
"bankruptcy","negative"
"baptism","positive"
"baptize","positive"
"bar#4","negative"
"barbarian","negative"
"barbarous","negative"
"bargain","positive"
"barren","negative"
"barrier","negative"
"bashful","negative"
"basic#1","positive"
"basic#2","positive"
"bastard","negative"
"battle#1","negative"
"battle#2","negative"
"battlefield","negative"
"beacon","positive"
"beastly","negative"
"beat#2","negative"
"beat#3","negative"
"beat#4","negative"
"beauteous","positive"
"beautify","positive"
"beauty","positive"
"befit","positive"
"befitting","positive"
"befriend","positive"
"beg","negative"
"beggar","negative"
"behalf","positive"
"behead","negative"
"belated","negative"
"belie","negative"
"belittle","negative"
"belligerent","negative"
"beloved","positive"
"belt#2","negative"
"benefactor","positive"
"beneficent","positive"
"beneficial","positive"
"beneficiary","positive"
"benefit#1","positive"
"benefit#2","positive"
"benefit#3","positive"
"benevolence","positive"
"benevolent","positive"
"benign","positive"
"bequeath","positive"
"bereave","negative"
"bereavement","negative"
"bereft","negative"
"berserk","negative"
"beseech","negative"
"beset","negative"
"besiege","negative"
"best","positive"
"bestow","positive"
"betray","negative"
"betrayal","negative"
"betroth","positive"
"betrothal","positive"
"better#1","positive"
"better#2","positive"
"beware","negative"
"bewilder","negative"
"bewilderment","negative"
"bit#2","negative"
"bitchy","negative"
"bite#1","negative"
"bite#2","negative"
"bite#3","negative"
"bitter","negative"
"bitterness","negative"
"bizarre","negative"
"blackmail","negative"
"blah","negative"
"blame#1","negative"
"blame#2","negative"
"blameless","positive"
"bland","negative"
"blast#1","negative"
"blast#2","negative"
"blatant","negative"
"bleak","negative"
"blemish","negative"
"bless#1","positive"
"bless#2","positive"
"bless#3","positive"
"blind#1","negative"
"blind#2","negative"
"blind#3","negative"
"blind#4","negative"
"blindness","negative"
"bliss","positive"
"blissful","positive"
"blithe","positive"
"block#1","negative"
"block#2","negative"
"blockhead","negative"
"bloodshed","negative"
"bloodthirsty","negative"
"bloody","negative"
"bloom","positive"
"blossom","positive"
"blow#1","negative"
"blow#3","negative"
"blunder","negative"
"blunt","negative"
"blur","negative"
"blurt","negative"
"board#7","negative"
"board#8","positive"
"boast","negative"
"boastful","negative"
"bogus","negative"
"boisterous","negative"
"boldness","positive"
"bolster","positive"
"bolt","negative"
"bomb#1","negative"
"bomb#2","negative"
"bombard","negative"
"bombardment","negative"
"bondage","negative"
"bonny","positive"
"bonus","positive"
"boom","positive"
"boost#1","positive"
"boost#2","positive"
"boot","negative"
"bore#1","negative"
"bore#5","negative"
"bore#6","negative"
"boredom","negative"
"bother#1","negative"
"bother#3","negative"
"bothersome","negative"
"bound#3","negative"
"boundless","positive"
"bountiful","positive"
"bout","negative"
"box#2","negative"
"brag","negative"
"brainy","positive"
"brandish","negative"
"brat","negative"
"bravado","negative"
"brave","positive"
"bravery","positive"
"brawl","negative"
"brazen","negative"
"breach","negative"
"breadwinner","positive"
"break#1","negative"
"break#4","negative"
"break#5","negative"
"breakdown","negative"
"bribe","negative"
"bright","positive"
"brightness","positive"
"brilliance","positive"
"brilliant","positive"
"bristle","negative"
"brittle","negative"
"broke#3","negative"
"broke#5","negative"
"broke#6","negative"
"broke#7","negative"
"broken-hearted","negative"
"brood","negative"
"brotherhood","positive"
"brotherly","positive"
"bruise","negative"
"brusque","negative"
"brutality","negative"
"brute","negative"
"brutish","negative"
"buckle","negative"
"bug#2","negative"
"bullet","negative"
"bum","negative"
"bungle","negative"
"buoyant","positive"
"burden#1","negative"
"burden#2","negative"
"burdensome","negative"
"burglar","negative"
"burglary","negative"
"burn#1","negative"
"burn#2","negative"
"burn#3","negative"
"burn#4","negative"
"bury","negative"
"busybody","negative"
"butchery","negative"
"buy#2","positive"
"calamity","negative"
"call#4","positive"
"callous","negative"
"calm#1","positive"
"calm#2","positive"
"calm#3","positive"
"calmness","positive"
"cancel","negative"
"cancellation","negative"
"cancer","negative"
"candid","positive"
"candor","positive"
"cannibal","negative"
"cannon","negative"
"capability","positive"
"capable","positive"
"capital#2","negative"
"capitalize","positive"
"capitulate","negative"
"capricious","negative"
"capsize","negative"
"captivation","positive"
"captive","negative"
"capture#1","negative"
"capture#2","negative"
"care#1","positive"
"care#2","positive"
"careen","negative"
"carefree","positive"
"careful","positive"
"careless","negative"
"carelessness","negative"
"caress#1","positive"
"caress#2","positive"
"casual","positive"
"casualty","negative"
"cataclysm","negative"
"catastrophe","negative"
"catch#3","negative"
"cave#2","negative"
"ceaseless","positive"
"celebrate","positive"
"celebration","positive"
"celebrity","positive"
"censor","negative"
"censorship","negative"
"censure","negative"
"ceremonial","positive"
"chafe","negative"
"challenge#1","negative"
"challenge#2","negative"
"champ","positive"
"champion","positive"
"championship","positive"
"chaos","negative"
"chaotic","negative"
"charge#2","negative"
"charge#3","negative"
"charge#6","negative"
"charge#7","negative"
"charisma","positive"
"charitable","positive"
"charity","positive"
"charm#1","positive"
"charm#2","positive"
"chase#1","negative"
"chase#2","negative"
"chaste","positive"
"chastise","negative"
"cheap","negative"
"cheapen","negative"
"cheater","negative"
"cheer","positive"
"cheerful","positive"
"cheery","positive"
"cherish#1","positive"
"cherish#2","positive"
"cherub","positive"
"chic","positive"
"chide","negative"
"childish","negative"
"chivalrous","positive"
"chivalry","positive"
"choke#1","negative"
"choke#2","negative"
"chore","negative"
"chosen#2","positive"
"chronic","negative"
"chum","positive"
"circle#3","negative"
"civil#1","positive"
"civility","positive"
"civilization","positive"
"civilize#1","positive"
"civilize#2","positive"
"clamor","negative"
"clamorous","negative"
"clarify","positive"
"clarity","positive"
"clash","negative"
"classic","positive"
"clatter","negative"
"clean#1","positive"
"clean#3","positive"
"cleanliness","positive"
"cleanse","positive"
"clear#1","positive"
"clear#2","positive"
"clear#3","positive"
"clear#4","positive"
"clear#5","positive"
"clearness","positive"
"clever","positive"
"clique","negative"
"clog","negative"
"close#2","negative"
"close#7","negative"
"closeness","positive"
"clout","positive"
"club#2","negative"
"club#3","negative"
"clumsy","negative"
"clutter","negative"
"co-operation","positive"
"coarse","negative"
"coarseness","negative"
"coax","positive"
"cockiness","negative"
"cocky","negative"
"coddle","positive"
"coerce","negative"
"coercion","negative"
"coercive","negative"
"coexistence","positive"
"cogent","positive"
"cognizance","positive"
"cognizant","positive"
"coherent","positive"
"cohesion","positive"
"cohort","positive"
"coincident","positive"
"cold#1","negative"
"cold#2","negative"
"cold#3","negative"
"cold#6","negative"
"collaborate","positive"
"collaboration","positive"
"collapse#1","negative"
"collapse#2","negative"
"colleague","positive"
"collide","negative"
"collision","negative"
"collusion","negative"
"colony","negative"
"colossal","positive"
"combat#1","negative"
"combat#2","negative"
"combatant","negative"
"comeback","positive"
"comedy","positive"
"comely","positive"
"comestible","positive"
"comfort#1","positive"
"comfort#2","positive"
"comfort#3","positive"
"comfortable","positive"
"comic","positive"
"comical","positive"
"commemorate","positive"
"commemoration","positive"
"commencement","positive"
"commend","positive"
"commendable","positive"
"commendation","positive"
"commensurate","positive"
"commiseration","negative"
"commission","positive"
"commit#1","negative"
"commitment","positive"
"commodious","positive"
"common#1","positive"
"common#4","positive"
"commoner","negative"
"commonplace","negative"
"commonsense","positive"
"commotion","negative"
"communal","positive"
"commune","positive"
"communicate#1","positive"
"communicate#2","positive"
"communicative","positive"
"communion","positive"
"community","positive"
"companion","positive"
"companionship","positive"
"company#2","positive"
"compassion","positive"
"compassionate","positive"
"compatible","positive"
"compel#1","negative"
"compel#2","negative"
"compensate","positive"
"compensation","positive"
"compete","negative"
"competence","positive"
"competency","positive"
"competent","positive"
"competition","negative"
"competitive","negative"
"competitor","negative"
"complain","negative"
"complaint","negative"
"complement#1","positive"
"complement#2","positive"
"complementary","positive"
"complete#1","positive"
"complete#2","positive"
"completeness","positive"
"completion","positive"
"complex","negative"
"complexity","negative"
"compliance","positive"
"complicate#1","negative"
"complicate#2","negative"
"complication","negative"
"complicity","negative"
"compliment","positive"
"composure","positive"
"comprehend","positive"
"comprehension","positive"
"comprehensive","positive"
"compromise#1","positive"
"compromise#2","positive"
"compulsion","negative"
"conceal","negative"
"conceit","negative"
"concern#1","negative"
"concern#2","negative"
"concession","positive"
"conclusive","positive"
"concur","positive"
"condemn#1","negative"
"condemn#2","negative"
"condemnation","negative"
"condescending","negative"
"condescension","negative"
"condone","positive"
"conducive","positive"
"confederation","positive"
"confer","positive"
"confess","negative"
"confession","negative"
"confidant","positive"
"confide","positive"
"confidence#1","positive"
"confident","positive"
"confine#1","negative"
"confine#2","negative"
"confinement","negative"
"confiscate","negative"
"confiscation","negative"
"conflict#1","negative"
"conflict#2","negative"
"conflict#3","negative"
"conflict#4","negative"
"confound","negative"
"confront","negative"
"confrontation","negative"
"confuse#1","negative"
"confuse#2","negative"
"confuse#3","negative"
"confuse#4","negative"
"confusion","negative"
"congenial","positive"
"congested","negative"
"congestion","negative"
"congratulate","positive"
"congratulation","positive"
"congratulatory","positive"
"congregate","positive"
"conjunction","positive"
"conjure","positive"
"connect","positive"
"conquer","positive"
"conqueror","positive"
"conquest","positive"
"conscience","positive"
"conscientious","positive"
"consensus","positive"
"consent#1","positive"
"consent#2","positive"
"conserve","positive"
"consider#1","positive"
"consider#2","positive"
"considerate","positive"
"consideration#1","positive"
"consign","positive"
"consistency","positive"
"consistent","positive"
"console","positive"
"consolidate","positive"
"conspiracy","negative"
"conspirator","negative"
"conspire","negative"
"constancy","positive"
"consternation","negative"
"constrain","negative"
"constraint","negative"
"constructive","positive"
"consult","positive"
"consultation","positive"
"consummate","positive"
"consumptive","negative"
"contact#1","positive"
"contact#2","positive"
"contagious","negative"
"contaminate","negative"
"contamination","negative"
"contempt","negative"
"contemptible","negative"
"contemptuous","negative"
"contend","negative"
"content#3","positive"
"content#4","positive"
"content#5","positive"
"contentment","positive"
"continuity","positive"
"contradict","negative"
"contradiction","negative"
"contradictory","negative"
"contrary","negative"
"contribute#1","positive"
"contribute#2","positive"
"contribution","positive"
"contributor","positive"
"controversial","negative"
"controversy","negative"
"convene","positive"
"convict#1","negative"
"convict#2","negative"
"conviction","positive"
"convince#1","positive"
"convince#2","positive"
"cool","negative"
"coolness","negative"
"cooperate","positive"
"cooperation","positive"
"cooperative#1","positive"
"cooperative#2","positive"
"cooperative#3","positive"
"coordinate","positive"
"coordination","positive"
"cordial","positive"
"correct#1","positive"
"correct#2","positive"
"correct#3","positive"
"correction","positive"
"corrode","negative"
"corrosion","negative"
"corrosive","negative"
"corrupt","negative"
"corruption","negative"
"cost#1","negative"
"cost#2","negative"
"costliness","negative"
"costly","negative"
"council","positive"
"counsel#1","positive"
"counsel#2","positive"
"counteract","negative"
"counteraction","negative"
"counterfeit","negative"
"courage","positive"
"courageous","positive"
"courteous","positive"
"courtesy","positive"
"courtly","positive"
"covenant","positive"
"covert","negative"
"covet","negative"
"coward","negative"
"cozy","positive"
"crafty","negative"
"cram","negative"
"cramp","negative"
"cranky","negative"
"crass","negative"
"crave","negative"
"crawl#2","negative"
"craze","negative"
"craziness","negative"
"crazy","negative"
"create","positive"
"creative","positive"
"creativity","positive"
"credentials","positive"
"credibility","positive"
"credible","positive"
"credit#2","positive"
"credit#4","positive"
"credulous","negative"
"crime","negative"
"criminal","negative"
"cringe","negative"
"cripple","negative"
"crisis","negative"
"critic","negative"
"criticize","negative"
"croak","negative"
"crook","negative"
"crooked","negative"
"cross#3","negative"
"cross#6","negative"
"cross#7","negative"
"crude","negative"
"cruel","negative"
"cruelty","negative"
"crumble","negative"
"crumple","negative"
"crusade","positive"
"crusader","positive"
"crush#1","negative"
"crush#2","negative"
"crushing","negative"
"cuddle","positive"
"culminate","positive"
"culmination","positive"
"culpable","negative"
"culprit","negative"
"cultivate#1","positive"
"cultivate#2","positive"
"cultivation","positive"
"culture#2","positive"
"cumbersome","negative"
"cupid","positive"
"cure#1","positive"
"cure#2","positive"
"curse#1","negative"
"curse#2","negative"
"cursory","negative"
"curt","negative"
"curtail","negative"
"curtsey","positive"
"cut#1","negative"
"cut#2","negative"
"cute","positive"
"cynical","negative"
"cynicism","negative"
"damage#1","negative"
"damage#2","negative"
"damn","negative"
"damnable","negative"
"damned","negative"
"dance#1","positive"
"dance#2","positive"
"dance#3","positive"
"danger","negative"
"dangerous","negative"
"dare","positive"
"daring","positive"
"dark","negative"
"darken","negative"
"darkness","negative"
"darling","positive"
"darn","negative"
"daunting","negative"
"dauntless","positive"
"dawdle","negative"
"dawn#2","positive"
"daze","negative"
"dazzle","positive"
"dead","negative"
"deadlock","negative"
"deadly","negative"
"deadweight","negative"
"deaf","negative"
"deafness","negative"
"deal#1","positive"
"deal#6","negative"
"dear#1","positive"
"dear#2","positive"
"dearth","negative"
"death","negative"
"debatable","negative"
"debtor","negative"
"decadence","negative"
"decadent","negative"
"decay#1","negative"
"decay#2","negative"
"decease","negative"
"deceit","negative"
"deceitful","negative"
"deceive#1","negative"
"deceive#2","negative"
"decency","positive"
"decent","positive"
"deception","negative"
"deceptive","negative"
"decipher","positive"
"decline#1","negative"
"decline#2","negative"
"decompose","negative"
"decorate","positive"
"decoration","positive"
"decorative","positive"
"decrease#1","negative"
"decrease#2","negative"
"dedicate#1","positive"
"dedicate#2","positive"
"dedication","positive"
"deduce","positive"
"defame","negative"
"default","negative"
"defeat#1","negative"
"defeat#2","negative"
"defect","negative"
"defective","negative"
"defend","positive"
"defendant","negative"
"defender","positive"
"defense","positive"
"defensive","negative"
"deference","positive"
"defiance","negative"
"defiant","negative"
"deficiency","negative"
"deficient","negative"
"deficit","negative"
"defile","negative"
"definitive","positive"
"defy","negative"
"degenerate","negative"
"degrade","negative"
"dejected","negative"
"delay#1","negative"
"delay#2","negative"
"delicacy","positive"
"delicate","positive"
"delight#1","positive"
"delight#2","positive"
"delightful","positive"
"delinquency","negative"
"delinquent","negative"
"delirium","negative"
"deluge","negative"
"delusion","negative"
"demean","negative"
"demise","negative"
"demolish","negative"
"demon","negative"
"demoralize","negative"
"denial","negative"
"denounce","negative"
"dent","negative"
"deny","negative"
"dependability","positive"
"dependable","positive"
"dependent","negative"
"deplete","negative"
"deplorable","negative"
"deplore","negative"
"depose","negative"
"depraved","negative"
"depreciate","negative"
"depreciation","negative"
"depress#1","negative"
"depress#2","negative"
"depress#3","negative"
"depression#1","negative"
"depression#2","negative"
"deprive","negative"
"deride","negative"
"derision","negative"
"derisive","negative"
"derogatory","negative"
"descry","positive"
"desert#2","negative"
"desert#4","negative"
"desertion","negative"
"deserve","positive"
"deservedly","positive"
"desirable","positive"
"desire#3","negative"
"desirous","positive"
"desolate","negative"
"desolation","negative"
"despair#1","negative"
"despair#2","negative"
"desperate","negative"
"desperation","negative"
"despicable","negative"
"despise#1","negative"
"despise#2","negative"
"destitute","negative"
"destroy","negative"
"destruction","negative"
"destructive","negative"
"detachment","negative"
"detain","negative"
"deter","negative"
"deterrent","negative"
"detest","negative"
"detestable","negative"
"detract","negative"
"detrimental","negative"
"devastate","negative"
"devastation","negative"
"deviate","negative"
"deviation","negative"
"devil","negative"
"devilish","negative"
"devious","negative"
"devoid","negative"
"devote#1","positive"
"devote#2","positive"
"devotion","positive"
"devout","positive"
"dexterity","positive"
"diabolic","negative"
"diabolical","negative"
"dictate","negative"
"dictatorial","negative"
"differ","negative"
"difficult","negative"
"difficulty","negative"
"dig#1","positive"
"dignified","positive"
"dignify","positive"
"dignity","positive"
"dilemma","negative"
"diligent","positive"
"dim#1","negative"
"dim#2","negative"
"din","negative"
"dire","negative"
"dirt","negative"
"dirty","negative"
"disable","negative"
"disadvantage","negative"
"disadvantageous","negative"
"disagreeable","negative"
"disagreement","negative"
"disappoint#1","negative"
"disappoint#2","negative"
"disappoint#3","negative"
"disappoint#4","negative"
"disappointment","negative"
"disapproval","negative"
"disapprove","negative"
"disarm","negative"
"disaster","negative"
"disastrous","negative"
"disavow","negative"
"disavowal","negative"
"disbelief","negative"
"discern","positive"
"discharge#1","negative"
"discharge#2","negative"
"disclaim","negative"
"discomfort","negative"
"disconcerted","negative"
"discontent","negative"
"discord","negative"
"discordant","negative"
"discourage#1","negative"
"discourage#2","negative"
"discouragement","negative"
"discredit","negative"
"discreet","positive"
"discrepant","negative"
"discretion","positive"
"discriminate","negative"
"discuss","positive"
"disdain","negative"
"disease","negative"
"diseased","negative"
"disgrace","negative"
"disguise","negative"
"disgust#1","negative"
"disgust#2","negative"
"disgust#3","negative"
"disgust#4","negative"
"disgust#5","negative"
"dishearten","negative"
"dishonest","negative"
"dishonor","negative"
"disingenuous","negative"
"disinterest","negative"
"dislike#1","negative"
"dislike#2","negative"
"dismal","negative"
"dismiss#1","negative"
"dismiss#2","negative"
"disobedience","negative"
"disobedient","negative"
"disorder","negative"
"disorganized","negative"
"dispel","negative"
"dispensability","negative"
"dispense","negative"
"displace","negative"
"displease","negative"
"displeasure","negative"
"disposal","negative"
"dispose#1","negative"
"dispose#2","negative"
"disproportionate","negative"
"disprove","negative"
"disputable","negative"
"dispute#1","negative"
"dispute#2","negative"
"disregard","negative"
"disrupt","negative"
"disruption","negative"
"dissatisfaction","negative"
"dissatisfied","negative"
"dissatisfy","negative"
"dissent","negative"
"dissention","negative"
"dissolution","negative"
"distinct","positive"
"distinction","positive"
"distinctive","positive"
"distinguish#1","positive"
"distinguish#2","positive"
"distinguished","positive"
"distort","negative"
"distortion","negative"
"distract","negative"
"distracting","negative"
"distraction","negative"
"distress#1","negative"
"distress#2","negative"
"distrustful","negative"
"disturb#1","negative"
"disturb#2","negative"
"disturb#3","negative"
"disturbance","negative"
"diversion","negative"
"divert","negative"
"divide#1","negative"
"divide#2","negative"
"divine#1","positive"
"divine#2","positive"
"divinity","positive"
"division","negative"
"divorce#1","negative"
"divorce#2","negative"
"divorce#3","negative"
"dizzy","negative"
"doldrums","negative"
"dominance","positive"
"dominate#1","negative"
"dominate#2","negative"
"dominate#3","negative"
"domination","negative"
"donate","positive"
"donation","positive"
"doom#1","negative"
"doom#2","negative"
"doomsday","negative"
"dope","negative"
"dote","positive"
"double#3","negative"
"double#4","negative"
"doubt#1","negative"
"doubt#2","negative"
"doubt#4","negative"
"doubtful","negative"
"doubtless","positive"
"downcast","negative"
"downfall","negative"
"downhearted","negative"
"drab","negative"
"drag","negative"
"dread","negative"
"dreadful","negative"
"dreamland","positive"
"dreary","negative"
"drive#2","negative"
"droop","negative"
"drop#1","negative"
"drop#3","negative"
"drop#4","negative"
"drought","negative"
"drown#1","negative"
"drown#2","negative"
"drowsiness","negative"
"drowsy","negative"
"drunk#1","negative"
"drunk#2","negative"
"drunkard","negative"
"drunken","negative"
"dubious","negative"
"dull","negative"
"dumb","negative"
"dump#1","negative"
"dump#2","negative"
"dunce","negative"
"dungeon","negative"
"durability","positive"
"durable","positive"
"duty","negative"
"dwindle","negative"
"dying#1","negative"
"dying#2","negative"
"dynamic","positive"
"eager","positive"
"eagerness","positive"
"earnest","positive"
"earnestness","positive"
"ease#1","positive"
"ease#2","positive"
"easy#1","positive"
"easy#2","positive"
"easy#3","positive"
"easy#4","positive"
"eccentric","negative"
"eccentricity","negative"
"economize","positive"
"ecstasy","positive"
"ecstatic","positive"
"edge#4","negative"
"edible","positive"
"educated#1","positive"
"education","positive"
"educational","positive"
"effective","positive"
"effectiveness","positive"
"efficacy","positive"
"efficiency","positive"
"efficient","positive"
"egotistical","negative"
"elaborate","positive"
"elaboration","positive"
"elate","positive"
"elegance","positive"
"elegant","positive"
"eliminate","negative"
"elimination","negative"
"eloquent","positive"
"embarrass","negative"
"embarrassment","negative"
"embellish","positive"
"embrace#1","positive"
"embrace#2","positive"
"emergency","negative"
"eminence","positive"
"eminent","positive"
"empathy","positive"
"empower","positive"
"empowerment","positive"
"empty#1","negative"
"empty#2","negative"
"enable","positive"
"enchant#1","positive"
"enchant#2","positive"
"enchantment","positive"
"encourage#1","positive"
"encourage#2","positive"
"encouragement","positive"
"encroach","negative"
"encroachment","negative"
"endanger","negative"
"endear","positive"
"endorse","positive"
"endow","positive"
"endurance","positive"
"enemy","negative"
"energetic","positive"
"energize","positive"
"enforce","negative"
"engage#5","positive"
"engulf","negative"
"enhance","positive"
"enhancement","positive"
"enjoy","positive"
"enjoyable","positive"
"enjoyment","positive"
"enlighten#1","positive"
"enlighten#2","positive"
"enlightenment","positive"
"enrage","negative"
"enrich","positive"
"enrichment","positive"
"ensemble","positive"
"enslave","negative"
"ensure","positive"
"entangle","negative"
"entanglement","negative"
"entertain#1","positive"
"entertain#2","positive"
"entertainment","positive"
"enthusiasm","positive"
"enthusiastic","positive"
"entreat","negative"
"entrepreneurial","positive"
"entrust","positive"
"envious","negative"
"envision","positive"
"envy","negative"
"epidemic","negative"
"epithet","negative"
"equality","positive"
"equitable","positive"
"equity","positive"
"equivocal","negative"
"eradicate","negative"
"erase","negative"
"erode","negative"
"erosion","negative"
"err","negative"
"erroneous","negative"
"error","negative"
"esoteric","negative"
"essential#1","positive"
"essential#2","positive"
"establish#1","positive"
"establish#2","positive"
"esteem","positive"
"estranged","negative"
"ethical","positive"
"ethics","positive"
"etiquette","positive"
"evade","negative"
"evasion","negative"
"even#3","negative"
"even#4","positive"
"even#5","positive"
"everlasting","positive"
"evict","negative"
"evil#1","negative"
"evil#2","negative"
"exact#1","positive"
"exact#2","positive"
"exaggeration","negative"
"exalt","positive"
"exasperate","negative"
"exasperation","negative"
"excel","positive"
"excellence","positive"
"excellent","positive"
"exception#2","negative"
"excess","negative"
"excessive","negative"
"excite#1","positive"
"excite#2","positive"
"excited#2","positive"
"excitedness","positive"
"excitement","positive"
"exclude","negative"
"exclusion","negative"
"excommunication","negative"
"execute","negative"
"exempt","negative"
"exertion","positive"
"exhaust","negative"
"exhaustion","negative"
"exhilaration","positive"
"exile","negative"
"exit","negative"
"exotic","positive"
"expedient","negative"
"expel","negative"
"expense#1","negative"
"expense#2","negative"
"expensive","negative"
"experience#1","positive"
"experience#3","positive"
"expert#1","positive"
"expert#2","positive"
"explode","negative"
"exploit#2","negative"
"explosion","negative"
"explosive","negative"
"expose","negative"
"exquisite","positive"
"exterminate","negative"
"extermination","negative"
"extinct","negative"
"extinguish","negative"
"extol","positive"
"extraordinary","positive"
"extravagance","positive"
"extravagant","negative"
"exuberance","positive"
"exuberant","positive"
"exult","positive"
"exultation","positive"
"eye#3","positive"
"fabricate","negative"
"fabrication","negative"
"fabulous","positive"
"facilitate","positive"
"factual","positive"
"fail#1","negative"
"fail#2","negative"
"fail#3","negative"
"fail#4","negative"
"failure","negative"
"faint","negative"
"fair#1","positive"
"fair#4","positive"
"fair#5","positive"
"fairness","positive"
"faith#1","positive"
"faith#2","positive"
"faithful","positive"
"faithfulness","positive"
"fake","negative"
"fall#7","negative"
"fallacy","negative"
"fallout","negative"
"false","negative"
"falsehood","negative"
"falter","negative"
"fame","positive"
"familiar","positive"
"familiarity","positive"
"familiarize","positive"
"famine","negative"
"famished","negative"
"famous","positive"
"fanatic","negative"
"fanatical","negative"
"fancy","positive"
"fantastic","positive"
"fantasy","positive"
"farce","negative"
"farsighted","positive"
"fascination","positive"
"fascist","negative"
"fashionable","positive"
"fat#1","negative"
"fat#2","negative"
"fat#3","negative"
"fatal","negative"
"fatalistic","negative"
"fatigue","negative"
"fault","negative"
"favor#1","positive"
"favor#2","positive"
"favor#3","positive"
"favor#4","positive"
"favor#5","positive"
"favorable","positive"
"favorite","positive"
"fear#1","negative"
"fear#2","negative"
"fear#3","negative"
"fearful","negative"
"fearless","positive"
"fearsome","negative"
"feasible","positive"
"feast#1","positive"
"feast#2","positive"
"fed#2","negative"
"feeble","negative"
"feign","negative"
"feint","negative"
"fellow#2","positive"
"fellowship","positive"
"ferocious","negative"
"ferocity","negative"
"fertile","positive"
"fervent","positive"
"fervor","positive"
"festival","positive"
"festive","positive"
"festivity","positive"
"feud","negative"
"feudal","negative"
"fever","negative"
"feverish","negative"
"fiasco","negative"
"fickle","negative"
"fidelity","positive"
"fidget","negative"
"fiend","negative"
"fierce","negative"
"fiery","positive"
"fight#1","negative"
"fight#2","negative"
"fight#3","negative"
"fighter","negative"
"filial","positive"
"fill#4","positive"
"filth","negative"
"filthy","negative"
"fine#1","positive"
"fine#2","positive"
"fine#3","positive"
"fine#4","positive"
"fine#5","positive"
"fine#6","negative"
"fine#7","negative"
"fire#1","negative"
"fire#2","negative"
"fire#3","negative"
"firmness","positive"
"fist","negative"
"fit#2","positive"
"fit#5","positive"
"fitness","positive"
"fix#5","negative"
"flagrant","negative"
"flair","positive"
"flashy","positive"
"flatter","positive"
"flattery","positive"
"flaunt","positive"
"flaw","negative"
"flawless","positive"
"fled","negative"
"flee","negative"
"fleeting","negative"
"flexible","positive"
"flimsy","negative"
"flirt","positive"
"floor#5","negative"
"flounder","negative"
"flourish","positive"
"fluent","positive"
"foe","negative"
"foible","negative"
"fond#1","positive"
"fond#2","positive"
"fond#3","positive"
"fond#4","positive"
"fond#5","positive"
"fond#6","positive"
"fond#7","positive"
"fondness","positive"
"fool#1","negative"
"fool#2","negative"
"foolish","negative"
"foolishness","negative"
"forbid","negative"
"forbidden","negative"
"force#3","negative"
"force#5","negative"
"force#6","negative"
"foreboding","negative"
"foreign#2","negative"
"foremost","positive"
"foresight","positive"
"forfeit","negative"
"forgave","positive"
"forgetfulness","negative"
"forgive","positive"
"forgiven","positive"
"forgiveness","positive"
"forlorn","negative"
"formality","positive"
"formidable","negative"
"forsake","negative"
"fortify","positive"
"fortitude","positive"
"fortunate","positive"
"forward#1","positive"
"foster","positive"
"fought","negative"
"founder#2","negative"
"fracture","negative"
"fragile","negative"
"fragrant","positive"
"frank","positive"
"frantic","negative"
"frantically","negative"
"fraud","negative"
"fraudulent","negative"
"fraught","negative"
"freak","negative"
"free#1","positive"
"free#2","positive"
"free#3","positive"
"free#4","positive"
"free#5","positive"
"freedom","positive"
"fresh","positive"
"fret","negative"
"fretful","negative"
"friend","positive"
"friendly","positive"
"friendship","positive"
"frighten#1","negative"
"frighten#2","negative"
"frighten#3","negative"
"frightful","negative"
"frigid","negative"
"frivolous","negative"
"frolic","positive"
"front#3","negative"
"frown#1","negative"
"frown#2","negative"
"frugal","positive"
"fruitful","positive"
"fruition","positive"
"fruitless","negative"
"frustrate#1","negative"
"frustrate#2","negative"
"frustrate#3","negative"
"frustration","negative"
"fugitive","negative"
"fulfill","positive"
"fulfillment","positive"
"fullness","positive"
"fumble","negative"
"fun#1","positive"
"fun#2","negative"
"funny#1","positive"
"funny#2","positive"
"funny#3","positive"
"furious","negative"
"fury","negative"
"fuss","negative"
"fussy","negative"
"futility","negative"
"gaiety","positive"
"gaily","positive"
"gain#1","positive"
"gain#2","positive"
"gall","negative"
"gallant","positive"
"gallantry","positive"
"gamble#1","negative"
"gamble#2","negative"
"game#3","positive"
"garnish","positive"
"gash","negative"
"gaudy","negative"
"gay","positive"
"generate","positive"
"generosity","positive"
"generous","positive"
"genial","positive"
"genius","positive"
"gentle","positive"
"genuine","positive"
"germ","negative"
"get#5","negative"
"ghastly","negative"
"ghetto","negative"
"giddy","positive"
"gift","positive"
"gifted","positive"
"give#1","positive"
"give#4","positive"
"glad#1","positive"
"glad#2","positive"
"gladden","positive"
"gladness","positive"
"glamorous","positive"
"glamour","positive"
"glare","negative"
"gleam#1","positive"
"gleam#2","positive"
"glean","positive"
"glee","positive"
"glimmer","positive"
"glisten#1","positive"
"glisten#2","positive"
"glitter#1","positive"
"glitter#2","positive"
"gloat","negative"
"gloom","negative"
"gloomy","negative"
"glorify","positive"
"glorious","positive"
"glory","positive"
"glossy","positive"
"glow#1","positive"
"glow#2","positive"
"glum","negative"
"goddamn","negative"
"godlike","positive"
"godliness","positive"
"gold","positive"
"golden","positive"
"good#1","positive"
"goodbye","positive"
"goodness","positive"
"gorgeous","positive"
"grab","negative"
"grace","positive"
"graceful","positive"
"gracious","positive"
"graduation","positive"
"grand","positive"
"grandeur","positive"
"grapple","negative"
"grateful","positive"
"gratification","positive"
"gratify","positive"
"gratitude","positive"
"gratuitous","negative"
"grave#1","negative"
"grave#2","negative"
"grave#3","negative"
"grave#4","negative"
"grave#5","negative"
"great#1","positive"
"great#2","positive"
"great#3","positive"
"greatness","positive"
"greet#1","positive"
"greet#2","positive"
"grief","negative"
"grievance","negative"
"grieve","negative"
"grim","negative"
"grizzly","negative"
"groom","positive"
"grotesque","negative"
"growl","negative"
"grudge","negative"
"gruff","negative"
"grumble","negative"
"guarantee#1","positive"
"guarantee#2","positive"
"guardian","positive"
"guerrilla","negative"
"guide#1","positive"
"guide#2","positive"
"guide#4","positive"
"guilt","negative"
"guilty","negative"
"guise","negative"
"gullible","negative"
"gun","negative"
"gunmen","negative"
"gusto","positive"
"hack","negative"
"hackney","negative"
"hag","negative"
"haggard","negative"
"hallowed","positive"
"hamper","negative"
"hand#6","negative"
"hand#9","positive"
"handicap","negative"
"handsome","positive"
"handy","positive"
"hang#3","negative"
"hang#6","negative"
"haphazard","negative"
"hapless","negative"
"happiness","positive"
"happy#1","positive"
"happy#2","positive"
"happy#3","positive"
"happy#4","positive"
"harass","negative"
"harassment","negative"
"hard#1","negative"
"hard#5","negative"
"hardship","negative"
"hardy","positive"
"harm#1","negative"
"harm#2","negative"
"harmful","negative"
"harmless","positive"
"harmonious","positive"
"harmonize","positive"
"harmony","positive"
"harness","positive"
"harsh","negative"
"hassle","negative"
"hate#1","negative"
"hate#2","negative"
"hate#3","negative"
"hater","negative"
"hatred","negative"
"haughty","negative"
"haunt","negative"
"haven","positive"
"havoc","negative"
"hazard#1","negative"
"hazard#2","negative"
"hazardous","negative"
"haziness","negative"
"hazy","negative"
"headache","negative"
"heal","positive"
"health","positive"
"healthful","positive"
"healthy#1","positive"
"healthy#2","positive"
"healthy#3","positive"
"heart#4","positive"
"heartily","positive"
"heartless","negative"
"heaven","positive"
"heavenly","positive"
"hectic","negative"
"hedge","negative"
"hedonistic","negative"
"heedless","negative"
"heinous","negative"
"hell","negative"
"help#1","positive"
"help#2","positive"
"help#3","negative"
"help#4","positive"
"helpful","positive"
"helpless","negative"
"helplessness","negative"
"hero","positive"
"heroic","positive"
"heroine","positive"
"heroism","positive"
"hideous","negative"
"highlight","positive"
"hilarious","positive"
"hinder","negative"
"hindrance","negative"
"hit#1","negative"
"hit#4","negative"
"hit#5","positive"
"hoard","negative"
"hobble","negative"
"hole#2","negative"
"hole#3","negative"
"hollow","negative"
"holy","positive"
"homage","positive"
"home","positive"
"homely","negative"
"honest#1","positive"
"honest#2","positive"
"honest#3","positive"
"honeymoon","positive"
"honor#1","positive"
"honor#2","positive"
"honor#3","positive"
"honorable","positive"
"hope#1","positive"
"hope#2","positive"
"hopeful","positive"
"hopeless","negative"
"horde","negative"
"horn#3","negative"
"horrible","negative"
"horrid","negative"
"horrify","negative"
"horror","negative"
"hospitable","positive"
"hostile","negative"
"hostility","negative"
"hot#6","negative"
"hug","positive"
"human","positive"
"humanitarian","positive"
"humanity","positive"
"humble","positive"
"humiliate","negative"
"humiliation","negative"
"humility","positive"
"humor","positive"
"humorous","positive"
"hung#3","negative"
"hunger","negative"
"hungry","negative"
"hunt#1","negative"
"hunt#2","negative"
"hunt#3","negative"
"hunter","negative"
"hurt#1","negative"
"hurt#2","negative"
"hurtful","negative"
"hustle","negative"
"hustler","negative"
"hygiene","positive"
"hypocrisy","negative"
"hypocrite","negative"
"hysteria","negative"
"hysterical","negative"
"ideal#1","positive"
"ideal#2","positive"
"ideal#3","positive"
"idealism","positive"
"idiot","negative"
"idiotic","negative"
"idleness","negative"
"idol","positive"
"idolize","positive"
"ignoble","negative"
"ignorance","negative"
"ignorant","negative"
"ill#1","negative"
"ill#2","negative"
"ill#3","negative"
"ill#4","negative"
"illegal","negative"
"illegality","negative"
"illiterate","negative"
"illness","negative"
"illogical","negative"
"illuminate","positive"
"illustrious","positive"
"imagination","positive"
"imaginative","positive"
"immaculate","positive"
"immature","negative"
"immobility","negative"
"immoral","negative"
"immorality","negative"
"immortal","positive"
"immovable","negative"
"impair","negative"
"impartial","positive"
"impartiality","positive"
"impasse","negative"
"impatience","negative"
"impatient","negative"
"impede","negative"
"impediment","negative"
"imperative","positive"
"imperfect","negative"
"impersonal","negative"
"impervious","positive"
"impetuous","negative"
"impetus","positive"
"implicate","negative"
"implore","negative"
"importance","positive"
"important","positive"
"impose","negative"
"imprecision","negative"
"impress#1","positive"
"impressive","positive"
"imprison","negative"
"imprisonment","negative"
"improper","negative"
"improve#1","positive"
"improve#2","positive"
"improve#3","positive"
"improvement","positive"
"impulsive","negative"
"impunity","positive"
"impure","negative"
"impurity","negative"
"inability","negative"
"inaccessible","negative"
"inaccuracy","negative"
"inadequate","negative"
"inane","negative"
"inaugurate","positive"
"inauguration","positive"
"incapable","negative"
"incessant","negative"
"incompatibility","negative"
"incompatible","negative"
"incompetence","negative"
"incompetent","negative"
"inconsistency","negative"
"inconvenient","negative"
"incorrect","negative"
"incredible","negative"
"incurable","negative"
"indecent","negative"
"indefinite","negative"
"independence","positive"
"independent#1","positive"
"independent#2","positive"
"indescribable","positive"
"indeterminable","negative"
"indeterminate","negative"
"indicative","positive"
"indictment","negative"
"indifference","negative"
"indifferent","negative"
"indignation","negative"
"indispensability","positive"
"indispensable","positive"
"individuality","positive"
"indomitable","positive"
"indulge","negative"
"indulgence","positive"
"industrious","positive"
"ineffective","negative"
"ineffectiveness","negative"
"ineffectual","negative"
"ineffectualness","negative"
"inefficiency","negative"
"inequality","negative"
"inexact","negative"
"inexpensive","positive"
"inexplicable","negative"
"infallibility","positive"
"infallible","positive"
"infamous","negative"
"infect","negative"
"infection","negative"
"infer","positive"
"inference","positive"
"inferior","negative"
"inferiority","negative"
"infest","negative"
"infiltration","negative"
"inflame","negative"
"inflation","negative"
"inflict","negative"
"inform#1","positive"
"inform#2","positive"
"infraction","negative"
"infringement","negative"
"infuriate","negative"
"ingenious","positive"
"ingenuity","positive"
"ingratitude","negative"
"inherit","positive"
"inhibit","negative"
"inhibition","negative"
"inhumane","negative"
"injunction","negative"
"injure","negative"
"injurious","negative"
"injury","negative"
"innocence","positive"
"innocent","positive"
"innovate","positive"
"innovative","positive"
"inquisitive","positive"
"insane","negative"
"insecure","negative"
"insecurity","negative"
"insensible","negative"
"inseparable","positive"
"insidious","negative"
"insight","positive"
"insignificant","negative"
"insinuate","negative"
"insistent","positive"
"insolence","negative"
"insolent","negative"
"inspiration","positive"
"inspirational","positive"
"inspire#1","positive"
"inspire#2","positive"
"instability","negative"
"instable","negative"
"instinctive","positive"
"insufficiency","negative"
"insufficient","negative"
"insult","negative"
"integrity","positive"
"intellect","positive"
"intellectual#1","positive"
"intellectual#2","positive"
"intellectual#3","positive"
"intelligence","positive"
"intelligent","positive"
"intelligible","positive"
"intercede","positive"
"intercourse","positive"
"interest#1","positive"
"interest#3","positive"
"interest#4","positive"
"interested#1","positive"
"interested#2","positive"
"interfere","negative"
"interference","negative"
"interpose","positive"
"interrupt","negative"
"interruption","negative"
"intervention","negative"
"intimacy","positive"
"intimate","positive"
"intimidate","negative"
"intolerable","negative"
"intoxicate","negative"
"intricate","positive"
"intrigue","positive"
"intrude","negative"
"intruder","negative"
"intrusion","negative"
"inundate","negative"
"inundated","negative"
"invade","negative"
"invalid","negative"
"invaluable","positive"
"inventor","positive"
"invincible","positive"
"invisible","negative"
"invitation","positive"
"invite#1","positive"
"invite#2","positive"
"involuntary","negative"
"involve#5","negative"
"invulnerable","positive"
"irk","negative"
"iron#3","negative"
"iron#5","negative"
"ironic","negative"
"irony","negative"
"irrational","negative"
"irregular","negative"
"irregularity","negative"
"irresistible","positive"
"irresponsible","negative"
"irritable","negative"
"irritation","negative"
"isolate#1","negative"
"isolate#2","negative"
"jail#1","negative"
"jail#2","negative"
"jar#2","negative"
"jeer","negative"
"jeopardize","negative"
"jeopardy","negative"
"jerk#1","negative"
"jerk#2","negative"
"jest","positive"
"jittery","negative"
"jobless","negative"
"join#2","positive"
"jointly","positive"
"joke#1","positive"
"joke#2","positive"
"joke#3","positive"
"jolly","positive"
"joy","positive"
"joyful","positive"
"jubilant","positive"
"jubilee","positive"
"jumpy","negative"
"junk","negative"
"just#3","positive"
"just#4","positive"
"justice","positive"
"justifiably","positive"
"justification","positive"
"justify","positive"
"keen","positive"
"kick#1","negative"
"kick#3","negative"
"kick#4","negative"
"kid#2","positive"
"kidnap","negative"
"kill#1","negative"
"kill#2","negative"
"killer","negative"
"kind#2","positive"
"kind#5","positive"
"kindness","positive"
"kiss#1","positive"
"kiss#2","positive"
"knife#2","negative"
"knock#1","negative"
"knock#2","negative"
"knock#3","negative"
"know#3","positive"
"know#4","positive"
"knowledge","positive"
"lack#1","negative"
"lack#2","negative"
"lack#3","negative"
"lag","negative"
"laid#2","negative"
"lame","negative"
"lament","negative"
"lamentable","negative"
"languish","negative"
"lapse","negative"
"laudable","positive"
"laugh#1","positive"
"laugh#2","positive"
"laugh#3","negative"
"laugh#5","positive"
"laugh#6","positive"
"laughter","positive"
"lavish","positive"
"law","positive"
"lawful","positive"
"lawless","negative"
"lay#3","negative"
"lazily","negative"
"lazy","negative"
"lead#4","positive"
"leak","negative"
"leakage","negative"
"learn#2","positive"
"learn#3","positive"
"learner","positive"
"legal","positive"
"legitimacy","positive"
"legitimate","positive"
"leisure","positive"
"let#3","negative"
"liability","negative"
"liable","negative"
"liar","negative"
"liberal#2","positive"
"liberal#3","positive"
"liberalism","positive"
"liberate","positive"
"liberty","positive"
"lie#2","negative"
"lie#3","negative"
"lifeless","negative"
"lifelong","positive"
"light#1","positive"
"light#3","positive"
"likable","positive"
"like#2","positive"
"like#3","positive"
"limit#2","negative"
"limit#3","negative"
"limit#4","negative"
"limitation","negative"
"limp","negative"
"liquidate","negative"
"liquidation","negative"
"litter","negative"
"live#6","positive"
"lively","positive"
"load#3","negative"
"logic","positive"
"logical","positive"
"lone#1","negative"
"loneliness","negative"
"lonely","negative"
"loner","negative"
"lonesome","negative"
"longevity","positive"
"loom","negative"
"lose#1","negative"
"lose#2","negative"
"loser","negative"
"loss","negative"
"lost#1","negative"
"lost#2","negative"
"lost#3","negative"
"lost#4","negative"
"love#1","positive"
"love#2","positive"
"love#3","positive"
"love#4","positive"
"loveless","negative"
"loveliness","positive"
"lovely","positive"
"lover#1","positive"
"lover#2","positive"
"low#1","negative"
"low#2","negative"
"lower#1","negative"
"lowly","negative"
"loyal","positive"
"loyalty","positive"
"lucid","positive"
"luck","positive"
"luckily","positive"
"lucky","positive"
"lucrative","positive"
"ludicrous","negative"
"lull","negative"
"luminous","positive"
"lunatic","negative"
"lure","negative"
"lurk","negative"
"lust","positive"
"luster","positive"
"lustrous","positive"
"luxuriant","positive"
"luxurious","positive"
"luxury","positive"
"lying#2","negative"
"lying#3","negative"
"lyric","positive"
"lyrical","positive"
"mad#1","negative"
"mad#2","negative"
"madman","negative"
"madness","negative"
"magical","positive"
"magnetic","positive"
"magnificence","positive"
"magnificent","positive"
"main#1","positive"
"majestic","positive"
"majesty","positive"
"major#1","positive"
"make#2","negative"
"make#6","positive"
"make#7","positive"
"maladjusted","negative"
"maladjustment","negative"
"malady","negative"
"malice","negative"
"malicious","negative"
"malignant","negative"
"manageable","positive"
"mangle","negative"
"manipulate","negative"
"manipulation","negative"
"manly","positive"
"manslaughter","negative"
"mar#1","negative"
"mar#2","negative"
"marginal","negative"
"marital","positive"
"marriage","positive"
"marry#1","positive"
"marry#2","positive"
"marvel","positive"
"marvelous","positive"
"massacre","negative"
"masterful","positive"
"mastery","positive"
"matchless","positive"
"mate#1","positive"
"mate#2","positive"
"matter#4","positive"
"matter#5","negative"
"mature#1","positive"
"mature#2","positive"
"mature#3","positive"
"maturity","positive"
"maximize","positive"
"meager","negative"
"mean#2","negative"
"meaningful","positive"
"meaningless","negative"
"measurable","positive"
"meddle","negative"
"mediate","positive"
"mediocre","negative"
"meditation","positive"
"meek","negative"
"meet#5","positive"
"melancholy","negative"
"mellow","positive"
"melodramatic","negative"
"melody","positive"
"memorable","positive"
"menace","negative"
"mend","positive"
"menial","negative"
"mentor","positive"
"merciful","positive"
"merciless","negative"
"mercy","positive"
"merit#1","positive"
"merit#2","positive"
"meritorious","positive"
"merrily","positive"
"merriment","positive"
"merry","positive"
"mesh","positive"
"mess#1","negative"
"mess#2","negative"
"meticulous","positive"
"mighty","positive"
"mild","positive"
"mind#9","negative"
"mind#_10","positive"
"mindful","positive"
"mine#3","negative"
"minister#4","positive"
"mint","positive"
"miracle","positive"
"miraculous","positive"
"mirth","positive"
"misbehave","negative"
"misbehavior","negative"
"mischief","negative"
"mischievous","negative"
"miser","negative"
"miserable","negative"
"misery","negative"
"misfortune","negative"
"mishandle","negative"
"mishap","negative"
"misinform","negative"
"misinformed","negative"
"mislead","negative"
"misrepresent","negative"
"miss#1","negative"
"mistake#1","negative"
"mistake#2","negative"
"mistake#3","negative"
"mistaken","negative"
"mistrust","negative"
"misunderstand","negative"
"misunderstanding","negative"
"misunderstood","negative"
"misuse","negative"
"mix#3","negative"
"moan","negative"
"mobility","positive"
"mobilize","positive"
"mock","negative"
"mockery","negative"
"moderate","positive"
"moderation","positive"
"modernity","positive"
"modest","positive"
"modesty","positive"
"molest","negative"
"momentous","positive"
"monotonous","negative"
"monotony","negative"
"monster","negative"
"monstrous","negative"
"monumental","positive"
"moody","negative"
"moral","positive"
"morale","positive"
"moralistic","positive"
"morality","positive"
"mortify","negative"
"motionless","negative"
"motivate","positive"
"motivated","positive"
"motivation","positive"
"motive","positive"
"motley","negative"
"mourn#1","negative"
"mourn#2","negative"
"mourner","negative"
"muddle","negative"
"muddy","negative"
"multitude","positive"
"mumble","negative"
"mundane","negative"
"murder#1","negative"
"murder#2","negative"
"murderous","negative"
"murky","negative"
"mutter","negative"
"mutual#1","positive"
"mutual#2","positive"
"myriad","positive"
"myself>#3","negative"
"nag#2","negative"
"naive","negative"
"nasty","negative"
"natural#1","positive"
"natural#2","positive"
"naughty","negative"
"navigable","positive"
"neat","positive"
"nebulous","negative"
"necessarily","positive"
"need#1","negative"
"need#2","negative"
"need#3","negative"
"needle#2","negative"
"needy","negative"
"negate","negative"
"negation","negative"
"negative","negative"
"neglect#1","negative"
"neglect#2","negative"
"negligence","negative"
"negligent","negative"
"negotiate","positive"
"nervous","negative"
"nervousness","negative"
"neurotic","negative"
"neutralize","negative"
"nice#1","positive"
"nice#2","positive"
"nice#3","positive"
"nice#4","positive"
"niche","positive"
"nightmare","negative"
"nimble","positive"
"nix","negative"
"nobility","positive"
"noble","positive"
"nobleman","positive"
"noise","negative"
"noiseless","positive"
"nominate","positive"
"non-violence","positive"
"non-violent","positive"
"nonchalant","negative"
"nonsense","negative"
"normal","positive"
"nosey","negative"
"notable","positive"
"notoriety","positive"
"notorious","negative"
"nourish","positive"
"nourishment","positive"
"novelty","positive"
"novice","negative"
"nuisance","negative"
"nullification","negative"
"nullify","negative"
"numb","negative"
"nurse#2","positive"
"nurture","positive"
"nutrient","positive"
"nuts","negative"
"oasis","positive"
"obedience","positive"
"obedient","positive"
"obey","positive"
"object#3","negative"
"objection","negative"
"objective#2","positive"
"objective#3","positive"
"oblige","positive"
"oblique","negative"
"obliterate","negative"
"obnoxious","negative"
"obscure","negative"
"obsolete","negative"
"obstacle","negative"
"obstinate","negative"
"obstruct","negative"
"obstruction","negative"
"obtain","positive"
"obtainable","positive"
"odd","negative"
"oddity","negative"
"offend","negative"
"offender","negative"
"offensive","negative"
"offer#1","positive"
"offer#2","positive"
"offer#3","positive"
"offset","positive"
"ominous","negative"
"omission","negative"
"omit","negative"
"onset","positive"
"onward","positive"
"open#1","positive"
"open#2","positive"
"opinionated","negative"
"opponent","negative"
"opportune","positive"
"opportunity","positive"
"oppose#1","negative"
"oppose#2","negative"
"oppose#3","negative"
"opposition","negative"
"oppress","negative"
"oppression","negative"
"oppressive","negative"
"optimal","positive"
"optimism","positive"
"optimistic","positive"
"optional","positive"
"ordeal","negative"
"order#2","positive"
"order#5","positive"
"order#6","positive"
"order#8","negative"
"organize#1","positive"
"organize#2","positive"
"originality","positive"
"orphan","negative"
"ostracize","negative"
"oust","negative"
"outbreak","negative"
"outburst","negative"
"outcast","negative"
"outcry","negative"
"outgoing","positive"
"outlaw","negative"
"outlive","positive"
"outrage","negative"
"outrageous","negative"
"outright","positive"
"outrun","positive"
"outset","positive"
"outsider","negative"
"outstanding","positive"
"outwit","positive"
"overbearing","negative"
"overcome","positive"
"overflow","negative"
"overjoyed","positive"
"overlook","negative"
"overpower","negative"
"overrun","negative"
"oversight","negative"
"overthrow","negative"
"overturn","negative"
"overwhelming","negative"
"overworked","negative"
"owe","negative"
"pain","negative"
"painful","negative"
"painstaking","positive"
"palatable","positive"
"palatial","positive"
"paltry","negative"
"pamper","positive"
"pandemonium","negative"
"panic","negative"
"paradise","positive"
"paralysis","negative"
"paralyzed","negative"
"paramount","positive"
"paranoid","negative"
"parasite","negative"
"pardon#1","positive"
"pardon#2","positive"
"particular#1","positive"
"particular#2","negative"
"partition","negative"
"partner","positive"
"partnership","positive"
"pass#2","positive"
"pass#8","negative"
"pass#_10","negative"
"pass#_13","negative"
"passe","negative"
"passionate","positive"
"pathetic","negative"
"patience","positive"
"patient#2","positive"
"patient#3","positive"
"patriot","positive"
"patriotic","positive"
"patron","positive"
"patronage","positive"
"patronize","negative"
"pay#4","positive"
"peace#1","positive"
"peace#2","positive"
"peaceable","positive"
"peaceful","positive"
"peculiar","negative"
"peerless","positive"
"perfect#1","positive"
"perfect#2","positive"
"perfect#3","positive"
"perfection","positive"
"perfectionism","positive"
"perfectionist","positive"
"perfume","positive"
"peril","negative"
"perilous","negative"
"perish","negative"
"permission","positive"
"permit#1","positive"
"perplex","negative"
"perplexity","negative"
"persecute","negative"
"persecution","negative"
"perseverance","positive"
"persevere","positive"
"persuasive","positive"
"pertinent","positive"
"perturb","negative"
"perverse","negative"
"pervert","negative"
"pessimism","negative"
"pessimistic","negative"
"pest","negative"
"petty","negative"
"phobia","negative"
"pick#3","negative"
"picturesque","positive"
"piece#4","negative"
"piety","positive"
"pinch#1","negative"
"pinch#2","negative"
"pinnacle","positive"
"pious","positive"
"pitiful","negative"
"pitiless","negative"
"plague#1","negative"
"plague#2","negative"
"plain#1","positive"
"plain#3","positive"
"plain#4","positive"
"plain#5","positive"
"plaintiff","negative"
"plausibility","positive"
"playful","positive"
"playmate","positive"
"plaything","positive"
"pleasant#1","positive"
"pleasant#2","positive"
"pleasantry","positive"
"please#2","positive"
"please#3","positive"
"pleased#1","positive"
"pleased#2","positive"
"pleasurable","positive"
"pleasure","positive"
"pledge","positive"
"plentiful","positive"
"plenty","positive"
"plight","negative"
"plod","negative"
"plot#2","negative"
"poetic","positive"
"poignant","positive"
"point#6","negative"
"pointless","negative"
"poise#1","positive"
"poison","negative"
"poisonous","negative"
"polish","positive"
"polite","positive"
"politeness","positive"
"pollute","negative"
"pollution","negative"
"pomp","positive"
"pompous","negative"
"poor#1","negative"
"poor#2","negative"
"poor#3","negative"
"poor#4","negative"
"poor#5","negative"
"poor#6","negative"
"popular","positive"
"popularity","positive"
"populous","positive"
"portable","positive"
"positive","positive"
"positiveness","positive"
"positivity","positive"
"posterity","positive"
"potency","positive"
"potent","positive"
"pound#2","negative"
"pout","negative"
"poverty","negative"
"powerless","negative"
"practicable","positive"
"practical#1","positive"
"praise#1","positive"
"praise#2","positive"
"prance","positive"
"precarious","negative"
"precaution","positive"
"precedent","positive"
"precept","positive"
"precious","positive"
"precipitate","negative"
"precise","positive"
"precision","positive"
"predicament","negative"
"preeminent","positive"
"preference","positive"
"prejudice","negative"
"prejudicial","negative"
"premier","positive"
"premise","positive"
"premium","positive"
"preparatory","positive"
"preposterous","negative"
"press#4","negative"
"prestige","positive"
"presumptuous","negative"
"pretend","negative"
"pretense","negative"
"pretentious","negative"
"prettily","positive"
"pretty#2","positive"
"pretty#3","positive"
"pretty#4","positive"
"pretty#5","positive"
"priceless","positive"
"pride","positive"
"primarily","positive"
"prime","positive"
"principal#1","positive"
"principle#1","positive"
"principle#2","positive"
"principle#4","positive"
"prison#1","negative"
"prison#2","negative"
"prisoner","negative"
"privacy","positive"
"privileged","positive"
"privy","positive"
"prize","positive"
"pro","positive"
"proactive","positive"
"problem","negative"
"procrastinate","negative"
"procrastination","negative"
"prod","negative"
"prodigious","positive"
"prodigy","positive"
"productive","positive"
"productivity","positive"
"profess","positive"
"proffer","positive"
"proficient","positive"
"profit#1","positive"
"profit#2","positive"
"profitable","positive"
"profound","positive"
"progress#1","positive"
"progress#2","positive"
"progressive","positive"
"prohibit","negative"
"prohibition","negative"
"prohibitive","negative"
"prolific","positive"
"prominence","positive"
"prominent","positive"
"promise#3","positive"
"promise#4","positive"
"prompt#1","positive"
"prompt#2","positive"
"promptly","positive"
"propaganda","negative"
"proper","positive"
"propitious","positive"
"proprietary","positive"
"propriety","positive"
"prosecute","positive"
"prosecution","negative"
"prosper","positive"
"prosperity","positive"
"prosperous","positive"
"protect","positive"
"protection","positive"
"protective","positive"
"protector","positive"
"protest#1","negative"
"protest#2","negative"
"proud","positive"
"provide#1","positive"
"providence","positive"
"provocation","negative"
"provoke","negative"
"prowess","positive"
"prowl","negative"
"prudence","positive"
"prudent","positive"
"pry","negative"
"punch","negative"
"punctual","positive"
"punish","negative"
"puny","negative"
"pure","positive"
"purification","positive"
"purify","positive"
"purity","positive"
"purposeful","positive"
"purr","positive"
"push#1","negative"
"push#2","negative"
"push#3","negative"
"puzzlement","negative"
"quaint","positive"
"qualify#1","positive"
"qualify#3","positive"
"quality#2","positive"
"qualm","negative"
"quandary","negative"
"quarrel#1","negative"
"quarrel#2","negative"
"quarrelsome","negative"
"queer","negative"
"quench","positive"
"questionable","negative"
"quibble","negative"
"quicken","positive"
"quit","negative"
"quitter","negative"
"race#4","negative"
"radiance","positive"
"radiant","positive"
"radiate","positive"
"radical","negative"
"rage","negative"
"raid","negative"
"raise#5","negative"
"rally","positive"
"ramble","negative"
"rampant","negative"
"rapport","positive"
"rapt","positive"
"rapture","positive"
"rascal","negative"
"rash","negative"
"rat","negative"
"ration","negative"
"rational","positive"
"rattle#2","negative"
"ravage","negative"
"rave","positive"
"reactionary","negative"
"reactive","negative"
"readily","positive"
"real#1","positive"
"realistic","positive"
"realistically","positive"
"reap","positive"
"reasonable","positive"
"reassurance","positive"
"reassure","positive"
"rebel#1","negative"
"rebel#2","negative"
"rebellion","negative"
"rebellious","negative"
"rebuff","negative"
"rebuke","negative"
"rebut","negative"
"recalcitrant","negative"
"recede","negative"
"receptive","positive"
"recession","negative"
"reckless","negative"
"recklessness","negative"
"reclaim","positive"
"recline","positive"
"recoil","negative"
"recompense","positive"
"reconcile","positive"
"reconciliation","positive"
"recreation","positive"
"redeem","positive"
"redemption","positive"
"redundancy","negative"
"redundant","negative"
"reestablish","positive"
"refine","positive"
"refinement","positive"
"refrain","negative"
"refuge","positive"
"refugee","negative"
"refusal","negative"
"refuse#1","negative"
"regal","positive"
"regard#3","positive"
"regardless","negative"
"regress","negative"
"regression","negative"
"regret#1","negative"
"regret#2","negative"
"regrettable","negative"
"rehabilitation","positive"
"reinforcement","positive"
"reinstate","positive"
"reject","negative"
"rejection","negative"
"rejoice","positive"
"relapse","negative"
"relaxation","positive"
"relevance","positive"
"relevancy","positive"
"relevant","positive"
"reliability","positive"
"reliable","positive"
"relief","positive"
"relieve#3","positive"
"religious#1","positive"
"relish","positive"
"reluctant","negative"
"remarkable","positive"
"remarkably","positive"
"remedy","positive"
"remodel","positive"
"remorse","negative"
"renaissance","positive"
"renewal","positive"
"renounce","negative"
"renovate","positive"
"renovation","positive"
"renown","positive"
"renunciation","negative"
"repair#1","positive"
"repair#2","positive"
"reparation","positive"
"repeal","negative"
"repent","positive"
"repentance","positive"
"repose","positive"
"reprehensible","negative"
"repress","negative"
"reproach","negative"
"repudiate","negative"
"repugnant","negative"
"repulse","negative"
"repulsive","negative"
"reputable","positive"
"rescue#1","positive"
"rescue#2","positive"
"resent","negative"
"resentful","negative"
"resentment","negative"
"resignation","negative"
"resolute","positive"
"resolve#1","positive"
"resolve#2","positive"
"resolved","positive"
"resound","positive"
"resourceful","positive"
"resourcefulness","positive"
"respect#1","positive"
"respect#2","positive"
"respect#5","positive"
"respectable","positive"
"respectful","positive"
"respite","positive"
"resplendent","positive"
"responsibility","positive"
"responsible#1","positive"
"responsive","positive"
"restful","positive"
"restless","negative"
"restlessness","negative"
"restoration","positive"
"restore","positive"
"restrict#1","negative"
"restrict#2","negative"
"restrict#3","negative"
"restriction","negative"
"resurrect","positive"
"retaliate","negative"
"retard","negative"
"retire","negative"
"retreat#1","negative"
"retreat#2","negative"
"return#2","positive"
"return#5","positive"
"reunion","positive"
"reunite","positive"
"revel","positive"
"revelation","positive"
"revenge","negative"
"revere","positive"
"reverence","positive"
"reverent","positive"
"reverently","positive"
"revert","negative"
"revitalize","positive"
"revival","positive"
"revive","positive"
"revoke","negative"
"revolt","negative"
"revolution","negative"
"reward#1","positive"
"reward#2","positive"
"reward#3","positive"
"rich#1","positive"
"rich#2","positive"
"rich#3","positive"
"rich#4","positive"
"rich#5","positive"
"rich#6","positive"
"riches","positive"
"richness","positive"
"rid","negative"
"ride#3","negative"
"ridicule#1","negative"
"ridicule#2","negative"
"ridiculous","negative"
"right#1","positive"
"right#6","positive"
"righteous","positive"
"righteousness","positive"
"rightful","positive"
"rigid","negative"
"rigor","negative"
"rigorous","negative"
"rip#1","negative"
"rip#2","negative"
"ripe","positive"
"ripen","positive"
"risky","negative"
"rival#1","negative"
"rival#2","negative"
"rivalry","negative"
"robber","negative"
"robbery","negative"
"robust","positive"
"rogue","negative"
"romance","positive"
"romantic","positive"
"romanticize","positive"
"root#4","negative"
"rosy","positive"
"rot","negative"
"rotten","negative"
"rough#1","negative"
"roughness","negative"
"round#4","positive"
"roundabout","negative"
"rouse","positive"
"rubbish","negative"
"rude","negative"
"rue","negative"
"ruffian","negative"
"ruin#1","negative"
"ruin#2","negative"
"ruin#3","negative"
"ruin#4","negative"
"ruinous","negative"
"rumor","negative"
"rumple","negative"
"run#4","negative"
"run#5","negative"
"runaway","negative"
"rupture#1","negative"
"rupture#2","negative"
"rusty","negative"
"ruthless","negative"
"ruthlessness","negative"
"sabotage","negative"
"sacred","positive"
"sad","negative"
"sadness","negative"
"safe#1","positive"
"safe#2","positive"
"safe#3","positive"
"safe#4","positive"
"safeguard","positive"
"safety#2","positive"
"sag","negative"
"sagacity","positive"
"sage","positive"
"saint","positive"
"salutary","positive"
"salutation","positive"
"salute","positive"
"salvation","positive"
"sanctify","positive"
"sanctuary","positive"
"sane","positive"
"sanguine","positive"
"sanitary","positive"
"sanity","positive"
"sank","negative"
"sap","negative"
"sarcasm","negative"
"sarcastic","negative"
"satisfaction","positive"
"satisfactorily","positive"
"satisfactory","positive"
"satisfy#1","positive"
"satisfy#2","positive"
"satisfy#3","positive"
"savage","negative"
"save#1","positive"
"savings","positive"
"savor","positive"
"savvy","positive"
"scald","negative"
"scamper","positive"
"scandal","negative"
"scandalous","negative"
"scapegoat","negative"
"scar","negative"
"scarcity","negative"
"scare#1","negative"
"scare#2","negative"
"scared#1","negative"
"scared#2","negative"
"scary","negative"
"scheme#1","negative"
"scheme#2","negative"
"scoff","negative"
"scold#1","negative"
"scold#2","negative"
"scorch","negative"
"scorn","negative"
"scornful","negative"
"scoundrel","negative"
"scowl","negative"
"scrape","negative"
"scream#1","negative"
"scream#2","negative"
"screech#1","negative"
"screech#2","negative"
"screw#2","negative"
"scruples","positive"
"scrupulous","positive"
"scrutinize","negative"
"scuffle","negative"
"scum","negative"
"secede","negative"
"secession","negative"
"secrecy","negative"
"secret","negative"
"secure#2","positive"
"secure#3","positive"
"security#1","positive"
"security#2","positive"
"sedentary","negative"
"seethe","negative"
"segregation","negative"
"seize","negative"
"selective","positive"
"self-contained","positive"
"self-respect","positive"
"selfish","negative"
"selfishness","negative"
"semblance","positive"
"senile","negative"
"sensational","positive"
"sense#3","positive"
"sense#5","positive"
"senseless","negative"
"sensible","positive"
"sensitive","positive"
"sensitivity","positive"
"sentence#2","negative"
"sequester","negative"
"serene","positive"
"serious","positive"
"seriousness","positive"
"serve#4","negative"
"service#3","negative"
"servitude","negative"
"settle#4","positive"
"sever","negative"
"severe","negative"
"severity","negative"
"shabby","negative"
"shadow#2","negative"
"shady","negative"
"shaggy","negative"
"shake#1","negative"
"shallow","negative"
"shame","negative"
"shameful","negative"
"shameless","negative"
"share#1","positive"
"share#3","positive"
"share#4","positive"
"shark","negative"
"shell#2","negative"
"shell#3","negative"
"shelter#1","positive"
"shelter#2","positive"
"shield","positive"
"shiny","positive"
"shipwreck","negative"
"shirk","negative"
"shiver","negative"
"shock#1","negative"
"shock#2","negative"
"shock#3","negative"
"shock#4","negative"
"shock#5","negative"
"shoddy","negative"
"shoot#1","negative"
"shoot#3","negative"
"shoot#6","negative"
"short#5","negative"
"shortage","negative"
"shortcoming","negative"
"shortsighted","negative"
"shot#1","negative"
"shove","negative"
"show#4","negative"
"shred","negative"
"shrew","negative"
"shrewd","positive"
"shrewdness","positive"
"shriek","negative"
"shrill","negative"
"shrivel","negative"
"shroud","negative"
"shrug#1","negative"
"shrug#2","negative"
"shun","negative"
"shyness","negative"
"sick#1","negative"
"sick#2","negative"
"sick#3","negative"
"sick#4","negative"
"sickly","negative"
"sickness","negative"
"siege","negative"
"significance","positive"
"significant","positive"
"signify","positive"
"silly","negative"
"simplicity","positive"
"simplify#1","positive"
"simplify#2","positive"
"simplistic","negative"
"sin#1","negative"
"sin#2","negative"
"sincere","positive"
"sincerity","positive"
"sinful","negative"
"sinister","negative"
"skeptical","negative"
"sketchy","negative"
"skill#1","positive"
"skill#2","positive"
"skillful","positive"
"skirmish","negative"
"skulk","negative"
"slam","negative"
"slander","negative"
"slanderer","negative"
"slanderous","negative"
"slap","negative"
"slash","negative"
"slaughter","negative"
"slayer","negative"
"sleazy","negative"
"sleek","positive"
"sleepless","negative"
"slight#2","negative"
"slight#3","negative"
"slight#4","negative"
"slight#5","negative"
"slime","negative"
"sloppy","negative"
"sloth","negative"
"slothful","negative"
"slug","negative"
"sluggish","negative"
"slump","negative"
"sly","negative"
"smack","negative"
"smart#1","positive"
"smart#2","positive"
"smart#4","positive"
"smash#1","negative"
"smash#2","negative"
"smear","negative"
"smile#1","positive"
"smile#2","positive"
"smile#3","positive"
"smile#4","positive"
"smitten","positive"
"smother","negative"
"smuggle","negative"
"snare","negative"
"snarl","negative"
"snatch","negative"
"sneak","negative"
"sneer","negative"
"snore","negative"
"sob","negative"
"sober","positive"
"sociable","positive"
"softness","positive"
"solace","positive"
"solution","positive"
"somber","negative"
"soothe","positive"
"sophisticated","positive"
"sore","negative"
"soreness","negative"
"sorrow","negative"
"sorrowful","negative"
"sorry#1","negative"
"sorry#2","negative"
"sort#3","negative"
"sought","positive"
"sound#4","positive"
"sound#6","positive"
"soundness","positive"
"sour","negative"
"spank","negative"
"spare#2","positive"
"sparkle","positive"
"spear#2","negative"
"special","positive"
"spectacular","positive"
"speedily","positive"
"spill","negative"
"spinster","negative"
"spite#2","negative"
"spiteful","negative"
"splendid","positive"
"splendor","positive"
"split#3","negative"
"spoil","negative"
"spot#5","negative"
"spotless","positive"
"sprain","negative"
"sprightly","positive"
"sputter","negative"
"squander","negative"
"squarely","positive"
"stab","negative"
"stability","positive"
"stabilize","positive"
"stable","positive"
"stagnant","negative"
"stain","negative"
"stale","negative"
"stalemate","negative"
"stammer","negative"
"stamp#2","negative"
"stand#5","positive"
"standardize","positive"
"standstill","negative"
"staple","positive"
"stark","negative"
"startle","negative"
"starvation","negative"
"starve","negative"
"stately","positive"
"static","negative"
"statuesque","positive"
"staunch","positive"
"staunchness","positive"
"steadfast","positive"
"steadfastness","positive"
"steadiness","positive"
"steady","positive"
"steal#1","negative"
"steal#2","negative"
"stern","negative"
"stick#6","negative"
"stifle","negative"
"stigma","negative"
"stimulate","positive"
"stimulation","positive"
"sting","negative"
"stink","negative"
"stole","negative"
"stolen#1","negative"
"stolen#2","negative"
"stood#4","positive"
"storm#2","negative"
"stormy","negative"
"straggle","negative"
"straggler","negative"
"straight#3","positive"
"straightforward","positive"
"strain#1","negative"
"strain#2","negative"
"strangle","negative"
"stray","negative"
"stress#1","negative"
"stress#2","negative"
"stricken","negative"
"strict#1","negative"
"strict#2","negative"
"strict#3","negative"
"strife","negative"
"strike#1","negative"
"strike#5","negative"
"stringent","negative"
"struck#1","negative"
"struggle#1","negative"
"struggle#2","negative"
"struggle#3","negative"
"strut","positive"
"stubborn","negative"
"stubbornly","negative"
"stubbornness","negative"
"stud","positive"
"studious","positive"
"study#3","negative"
"stuffy","negative"
"stunt","negative"
"stupendous","positive"
"stupid#1","negative"
"stupid#2","negative"
"stupid#3","negative"
"stupidity","negative"
"stupor","negative"
"sturdy","positive"
"stylish","positive"
"suave","positive"
"subjection","negative"
"subjugate","negative"
"subjugation","negative"
"sublime","positive"
"submissive","negative"
"subscribe","positive"
"subscription","positive"
"subservience","negative"
"subside","negative"
"subsidize","positive"
"subsidy","positive"
"subsist","positive"
"subsistence","positive"
"substantiate","positive"
"substitution","negative"
"subtle","positive"
"subtract","negative"
"subversion","negative"
"subvert","negative"
"succeed#1","positive"
"success","positive"
"successful","positive"
"succumb","negative"
"sucker","negative"
"suffer#1","negative"
"suffer#3","negative"
"sufferer","negative"
"suffice","positive"
"sufficient","positive"
"suffocate","negative"
"suit#3","positive"
"suit#4","positive"
"suitable","positive"
"sullen","negative"
"summit","positive"
"sumptuous","positive"
"sunder","negative"
"super","positive"
"superficial","negative"
"superficiality","negative"
"superfluous","negative"
"superior","positive"
"superiority","positive"
"superlative","positive"
"superstition","negative"
"superstitious","negative"
"support#1","positive"
"support#2","positive"
"support#3","positive"
"support#4","positive"
"supportive","positive"
"suppress","negative"
"suppression","negative"
"supreme#1","positive"
"supreme#2","positive"
"surge","positive"
"surmise","positive"
"surmount","positive"
"surpass","positive"
"survival","positive"
"survive","positive"
"survivor","positive"
"susceptible","negative"
"suspect#1","negative"
"suspect#2","negative"
"suspend","negative"
"suspension","negative"
"suspicion","negative"
"suspicious","negative"
"swear","negative"
"sweet#1","positive"
"sweet#3","positive"
"sweet#4","positive"
"sweet#5","positive"
"sweeten","positive"
"sweetheart","positive"
"sweetness","positive"
"swiftness","positive"
"swoon","positive"
"swore","negative"
"sworn","positive"
"symbolize","positive"
"symmetry","positive"
"sympathetic","positive"
"sympathize","positive"
"sympathy","positive"
"symptom","negative"
"synthesis","positive"
"taboo","negative"
"tact","positive"
"tactics","positive"
"taint","negative"
"talent","positive"
"talented","positive"
"tamper","negative"
"tantrum","negative"
"tardy","negative"
"tariff","negative"
"taste#2","positive"
"tatter","negative"
"taunt#1","negative"
"taunt#2","negative"
"tax#2","negative"
"tear#1","negative"
"tear#3","negative"
"tease","negative"
"tedious","negative"
"temper#1","negative"
"temper#2","negative"
"temperance","positive"
"temperate","positive"
"tempest","negative"
"temporarily","negative"
"tempt","positive"
"temptation","negative"
"tenacious","positive"
"tenacity","positive"
"tenderness","positive"
"tense","negative"
"tension","negative"
"terrible","negative"
"terrific","positive"
"terrify","negative"
"terror","negative"
"terrorism","negative"
"terrorize","negative"
"thank#1","positive"
"thank#2","positive"
"thank#3","positive"
"thankful","positive"
"theft","negative"
"therapeutic","positive"
"thief","negative"
"thirst","negative"
"thirsty","negative"
"thorny","negative"
"thorough","positive"
"thoughtful","positive"
"thoughtfulness","positive"
"thoughtless","negative"
"thrash","negative"
"threat","negative"
"threaten","negative"
"thrift","positive"
"thrifty","positive"
"thrill","positive"
"thrive","positive"
"throw#2","negative"
"throw#3","negative"
"thud","negative"
"thwart","negative"
"timidity","negative"
"tingle#1","positive"
"tire#2","negative"
"tire#3","negative"
"tire#4","negative"
"tired#1","negative"
"tired#2","negative"
"tired#3","negative"
"tired#4","negative"
"tiresome","negative"
"togetherness","positive"
"toil","negative"
"tolerable","negative"
"tolerance","positive"
"tolerant","positive"
"tolerate","positive"
"toleration","positive"
"too#3","negative"
"topmost","positive"
"topple","negative"
"torment","negative"
"torrent","negative"
"torturous","negative"
"touchy","negative"
"tradition","positive"
"traditional","positive"
"tragedy","negative"
"tragic","negative"
"train#4","positive"
"traitor","negative"
"tramp","negative"
"trample","negative"
"tranquil","positive"
"tranquility","positive"
"transgress","negative"
"trap#1","negative"
"trap#2","negative"
"trauma","negative"
"traumatic","negative"
"travel#4","positive"
"treacherous","negative"
"treachery","negative"
"treason","negative"
"treasonous","negative"
"treasure#1","positive"
"treasure#2","positive"
"treat#2","positive"
"treatise","positive"
"treaty","positive"
"tremendous#1","positive"
"tremendous#2","positive"
"trespass","negative"
"tribute","positive"
"trick#1","negative"
"trick#2","negative"
"triumph#1","positive"
"triumph#2","positive"
"triumphal","positive"
"triumphant","positive"
"trivial","negative"
"trophy","positive"
"trouble#1","negative"
"trouble#2","negative"
"trouble#3","negative"
"trouble#4","negative"
"troublesome","negative"
"truant","negative"
"trudge","negative"
"true#1","positive"
"true#2","positive"
"true#3","positive"
"true#4","positive"
"true#5","positive"
"trust#1","positive"
"trust#2","positive"
"trust#3","positive"
"trust#4","positive"
"trust#6","positive"
"trust#7","positive"
"trustworthiness","positive"
"trustworthy","positive"
"truth","positive"
"truthful","positive"
"try#4","negative"
"try#5","negative"
"turbulent","negative"
"turmoil","negative"
"turn#5","negative"
"turn#8","negative"
"twitch","negative"
"tyranny","negative"
"ugly","negative"
"ultimatum","negative"
"unaccustomed","negative"
"unarm","negative"
"unattractive","negative"
"unauthentic","negative"
"unavoidable","negative"
"unbearable","negative"
"unbelievable","negative"
"unbound","positive"
"unbroken","positive"
"uncivil","negative"
"unclean","negative"
"unclear","negative"
"uncomfortable","negative"
"uncommon","positive"
"uncouth","negative"
"undependability","negative"
"undependable","negative"
"undermine","negative"
"understand#1","positive"
"understand#2","positive"
"understandable","positive"
"understood","positive"
"underworld","negative"
"undesirable","negative"
"undid","negative"
"undignified","negative"
"undo","negative"
"undone","negative"
"undoubted","positive"
"undoubtedly","positive"
"undue","negative"
"uneasiness","negative"
"uneasy","negative"
"uneconomical","negative"
"unemployed","negative"
"unequal","negative"
"uneven","negative"
"unexpectedly","negative"
"unfair","negative"
"unfaithful","negative"
"unfamiliar","negative"
"unfavorable","negative"
"unfeeling","negative"
"unfit","negative"
"unforeseen","negative"
"unforgettable","positive"
"unfortunate#1","negative"
"unfortunate#2","negative"
"unfortunate#3","negative"
"unfriendly","negative"
"ungrateful","negative"
"unguarded","negative"
"unhappiness","negative"
"unhappy","negative"
"unhealthy","negative"
"unhurried","positive"
"unimpeachable","positive"
"unimportant","negative"
"uninformed","negative"
"unique","positive"
"unity","positive"
"unjust","negative"
"unjustified","negative"
"unkind","negative"
"unlawful","negative"
"unlimited","positive"
"unlucky","negative"
"unmoved","negative"
"unnatural","negative"
"unnecessary","negative"
"unnerve","negative"
"unnoticed","negative"
"unobserved","negative"
"unpleasant","negative"
"unpopular","negative"
"unprofitable","negative"
"unqualified","negative"
"unreasonable","negative"
"unreliability","negative"
"unreliable","negative"
"unrest","negative"
"unruly","negative"
"unsafe","negative"
"unsatisfactory","negative"
"unscrupulous","negative"
"unseen","negative"
"unselfish","positive"
"unsettling","negative"
"unsound","negative"
"unspeakable","negative"
"unstable","negative"
"unsteadiness","negative"
"unsteady","negative"
"unsuccessful","negative"
"untimely","negative"
"untouched","positive"
"untrained","negative"
"untrue","negative"
"untrustworthy","negative"
"untruth","negative"
"unwilling","negative"
"unwillingness","negative"
"unwise","negative"
"unworthy","negative"
"upbeat","positive"
"upfront","positive"
"upgrade","positive"
"upheaval","negative"
"upheld","positive"
"uphold","positive"
"uplift","positive"
"uppermost","positive"
"upright","positive"
"uprising","negative"
"uproar","negative"
"uproot","negative"
"upset#1","negative"
"upset#2","negative"
"upset#3","negative"
"upset#4","negative"
"upset#5","negative"
"upside","positive"
"upward","positive"
"usable","positive"
"useful","positive"
"usefulness","positive"
"useless","negative"
"usurp","negative"
"utilitarian","positive"
"utilization","positive"
"utilize","positive"
"utterance","negative"
"uttermost","positive"
"vagabond","negative"
"vagrant","negative"
"vague","negative"
"vagueness","negative"
"vain","negative"
"valiant","positive"
"valid","positive"
"validity","positive"
"valor","positive"
"valuable","positive"
"value#2","positive"
"value#3","positive"
"vanish","negative"
"vanity","negative"
"vanquish","positive"
"vastness","positive"
"vehement","negative"
"venerable","positive"
"venerate","positive"
"vengeance","negative"
"venom","negative"
"venomous","negative"
"verification","positive"
"verify","positive"
"veritable","positive"
"versatile","positive"
"versatility","positive"
"veto","negative"
"vex","negative"
"vexation","negative"
"vexing","negative"
"viability","positive"
"viable","positive"
"vice#1","negative"
"vicious","negative"
"victorious","positive"
"vie","negative"
"vigilance","positive"
"vigilant","positive"
"vile","negative"
"villain","negative"
"violate","negative"
"violation","negative"
"violence","negative"
"violent","negative"
"viper","negative"
"virtue","positive"
"virtuous","positive"
"visionary","positive"
"visualization","positive"
"vitality","positive"
"vivacious","positive"
"vivid","positive"
"void","negative"
"volatile","negative"
"volatility","negative"
"voluntary","positive"
"vomit","negative"
"vouchsafe","positive"
"vulgar","negative"
"wail","negative"
"wait#4","negative"
"wallow","negative"
"wane","negative"
"wanton","negative"
"war","negative"
"warfare","negative"
"warlike","negative"
"warm#1","positive"
"warm#2","positive"
"warm#3","positive"
"warm#4","positive"
"warm#5","positive"
"warmhearted","positive"
"warmth","positive"
"warp","negative"
"wary","negative"
"waste#1","negative"
"waste#2","negative"
"wasteful","negative"
"wastefulness","negative"
"wayward","negative"
"weaken","negative"
"wear#2","negative"
"weariness","negative"
"wearisome","negative"
"wee","negative"
"weed","negative"
"weep","negative"
"weird","negative"
"welcome#1","positive"
"welcome#2","positive"
"welcome#3","positive"
"welcome#5","positive"
"welfare#1","positive"
"well#2","positive"
"well#4","positive"
"wench","negative"
"whack","negative"
"whimper","negative"
"whimsical","positive"
"whine","negative"
"whip#1","negative"
"whip#2","negative"
"whip#3","negative"
"wholesome","positive"
"wicked","negative"
"wickedness","negative"
"wild#1","negative"
"wild#2","negative"
"wild#3","negative"
"wild#4","negative"
"willful","positive"
"willing","positive"
"willingness","positive"
"wilt","negative"
"wily","negative"
"wince","negative"
"wisdom","positive"
"wise#1","positive"
"wise#2","positive"
"wise#3","positive"
"wise#4","positive"
"wise#5","positive"
"witchcraft","negative"
"withheld","negative"
"withhold","negative"
"witty","positive"
"woe","negative"
"woeful","negative"
"wonder#1","positive"
"wonderful","positive"
"wondrous","positive"
"woo","positive"
"workable","positive"
"workmanship","positive"
"world-famous","positive"
"worn#2","negative"
"worn#3","negative"
"worrier","negative"
"worry#1","negative"
"worry#2","negative"
"worry#3","negative"
"worry#4","negative"
"worry#5","negative"
"worse","negative"
"worsen","negative"
"worst","negative"
"worth#1","positive"
"worth#2","positive"
"worth#3","positive"
"worth#4","positive"
"worth-while","positive"
"worthiness","positive"
"worthless","negative"
"worthy","positive"
"wound#1","negative"
"wound#3","negative"
"wound#5","negative"
"wrath","negative"
"wreck","negative"
"wrestle","negative"
"wretch","negative"
"wretchedness","negative"
"wrinkle","negative"
"writhe","negative"
"wrong#2","negative"
"wrong#3","negative"
"wrongful","negative"
"wrought","negative"
"yawn","negative"
"yearn","negative"
"yelp","negative"
"zenith","positive"
"zest","positive"
