word,sentiment
actual,ambiguous
actually,ambiguous
address,ambiguous
addressing,ambiguous
affairs,ambiguous
agenda,ambiguous
agent,ambiguous
always,ambiguous
amount,ambiguous
amounts,ambiguous
appear,ambiguous
appeared,ambiguous
appears,ambiguous
applied,ambiguous
applies,ambiguous
apply,ambiguous
area,ambiguous
areas,ambiguous
argue,ambiguous
arguing,ambiguous
argument,ambiguous
arguments,ambiguous
arn,ambiguous
astrazeneca,ambiguous
attempt,ambiguous
attempting,ambiguous
attempts,ambiguous
attributed,ambiguous
automatically,ambiguous
average,ambiguous
avg,ambiguous
became,ambiguous
become,ambiguous
becomes,ambiguous
becoming,ambiguous
beforehand,ambiguous
belong,ambiguous
beyond,ambiguous
billion,ambiguous
billions,ambiguous
biontech,ambiguous
biontechgroup,ambiguous
biotech,ambiguous
bloke,ambiguous
board,ambiguous
bodies,ambiguous
bodily,ambiguous
body,ambiguous
bodys,ambiguous
bot,ambiguous
bots,ambiguous
bought,ambiguous
breakingnews,ambiguous
brexit,ambiguous
brief,ambiguous
briefing,ambiguous
categories,ambiguous
category,ambiguous
cell,ambiguous
cells,ambiguous
cellular,ambiguous
chain,ambiguous
cheap,ambiguous
class,ambiguous
classed,ambiguous
close,ambiguous
comirnaty,ambiguous
condition,ambiguous
conditions,ambiguous
constant,ambiguous
constantly,ambiguous
contact,ambiguous
covax,ambiguous
cycle,ambiguous
dare,ambiguous
declaration,ambiguous
definitely,ambiguous
develop,ambiguous
developed,ambiguous
developing,ambiguous
dig,ambiguous
distract,ambiguous
distraction,ambiguous
dna,ambiguous
duration,ambiguous
emerge,ambiguous
emerged,ambiguous
emergence,ambiguous
emerging,ambiguous
encounter,ambiguous
enforcement,ambiguous
episode,ambiguous
equivalent,ambiguous
era,ambiguous
EU,ambiguous
events,ambiguous
eventually,ambiguous
evidence,ambiguous
evolution,ambiguous
evolve,ambiguous
exit,ambiguous
federal,ambiguous
feel,ambiguous
feeling,ambiguous
feelings,ambiguous
feels,ambiguous
felt,ambiguous
fine,ambiguous
fly,ambiguous
flying,ambiguous
gates,ambiguous
give,ambiguous
given,ambiguous
gives,ambiguous
giving,ambiguous
gone,ambiguous
grab,ambiguous
grasp,ambiguous
happen,ambiguous
happened,ambiguous
happening,ambiguous
happens,ambiguous
headline,ambiguous
headlines,ambiguous
high,ambiguous
higher,ambiguous
highest,ambiguous
hilarious,ambiguous
hot,ambiguous
hydroxychloroquine,ambiguous
immediate,ambiguous
immediately,ambiguous
imminent,ambiguous
importance,ambiguous
important,ambiguous
importantly,ambiguous
increase,ambiguous
increased,ambiguous
increases,ambiguous
increasing,ambiguous
increasingly,ambiguous
incredible,ambiguous
incredibly,ambiguous
involving,ambiguous
ivermectin,ambiguous
janssen,ambiguous
joke,ambiguous
joking,ambiguous
lab,ambiguous
laboratory,ambiguous
labos,ambiguous
labour,ambiguous
labs,ambiguous
link,ambiguous
linked,ambiguous
links,ambiguous
machine,ambiguous
max,ambiguous
maximum,ambiguous
mean,ambiguous
means,ambiguous
media,ambiguous
medias,ambiguous
merck,ambiguous
method,ambiguous
methods,ambiguous
mindset,ambiguous
modern,ambiguous
moderna,ambiguous
modernas,ambiguous
novavax,ambiguous
numerous,ambiguous
obvious,ambiguous
obviously,ambiguous
officer,ambiguous
officers,ambiguous
ordinary,ambiguous
originally,ambiguous
otherwise,ambiguous
oxfordastrazeneca,ambiguous
period,ambiguous
periods,ambiguous
permanent,ambiguous
permanently,ambiguous
pfizer,ambiguous
pfizerbiontech,ambiguous
pfizermoderna,ambiguous
phase,ambiguous
piers,ambiguous
planned,ambiguous
planning,ambiguous
plans,ambiguous
plausible,ambiguous
potential,ambiguous
potentially,ambiguous
prediction,ambiguous
progress,ambiguous
promise,ambiguous
promised,ambiguous
promises,ambiguous
promising,ambiguous
promote,ambiguous
promoted,ambiguous
promoting,ambiguous
protein,ambiguous
proteins,ambiguous
rate,ambiguous
rates,ambiguous
real,ambiguous
realise,ambiguous
realised,ambiguous
realising,ambiguous
reality,ambiguous
realize,ambiguous
realy,ambiguous
regards,ambiguous
repeat,ambiguous
repeated,ambiguous
repeatedly,ambiguous
repeating,ambiguous
report,ambiguous
reported,ambiguous
reportedly,ambiguous
reporting,ambiguous
reports,ambiguous
request,ambiguous
require,ambiguous
required,ambiguous
requirement,ambiguous
requirements,ambiguous
requires,ambiguous
requiring,ambiguous
rest,ambiguous
rna,ambiguous
scenarios,ambiguous
score,ambiguous
sentiment,ambiguous
shows,ambiguous
significant,ambiguous
significantly,ambiguous
similar,ambiguous
similarly,ambiguous
single,ambiguous
sinopharm,ambiguous
sinovac,ambiguous
slow,ambiguous
slowing,ambiguous
slowly,ambiguous
smell,ambiguous
source,ambiguous
sources,ambiguous
sputnik,ambiguous
stage,ambiguous
stages,ambiguous
stance,ambiguous
status,ambiguous
straight,ambiguous
stream,ambiguous
sufficient,ambiguous
superior,ambiguous
surprise,ambiguous
surprised,ambiguous
surprising,ambiguous
tag,ambiguous
tech,ambiguous
technical,ambiguous
technically,ambiguous
technologies,ambiguous
technology,ambiguous
term,ambiguous
terms,ambiguous
therapies,ambiguous
therapy,ambiguous
thousand,ambiguous
thousands,ambiguous
timing,ambiguous
tools,ambiguous
total,ambiguous
totally,ambiguous
typical,ambiguous
valneva,ambiguous
vaxart,ambiguous
vaxarts,ambiguous
view,ambiguous
views,ambiguous
wanted,ambiguous
widespread,ambiguous
woke,ambiguous
zero,ambiguous
stricter,ne
abandoned,negative
absurd,negative
abuse,negative
accident,negative
accidentally,negative
accidents,negative
accused,negative
accuses,negative
ache,negative
ached,negative
aches,negative
aching,negative
achy,negative
act,negative
acted,negative
acting,negative
activist,negative
activists,negative
actors,negative
acute,negative
administration,negative
admission,negative
admissions,negative
ads,negative
adverse,negative
advert,negative
advertised,negative
advertising,negative
adverts,negative
affect,negative
affected,negative
affecting,negative
affects,negative
afraid,negative
aged,negative
aggressive,negative
aids,negative
ain't,negative
airborne,negative
alarm,negative
alarming,negative
alcohol,negative
alert,negative
alleged,negative
allegedly,negative
allergic,negative
allergies,negative
allergy,negative
alone,negative
alpha,negative
although,negative
ambulance,negative
anecdotal,negative
anger,negative
angry,negative
animal,negative
animals,negative
annoyed,negative
annoying,negative
anonymous,negative
anti,negative
antieverything,negative
antigen,negative
antigens,negative
antimask,negative
antimaskers,negative
antipass,negative
antiscience,negative
antisocial,negative
antivaccination,negative
antivaccine,negative
antivax,negative
antivaxer,negative
antivaxers,negative
anxiety,negative
anxious,negative
anything,negative
apartheid,negative
apocalyptic,negative
apologies,negative
apologise,negative
appalling,negative
appeal,negative
approximately,negative
arena,negative
aren't,negative
armed,negative
army,negative
arrest,negative
arrested,negative
arrogant,negative
arse,negative
arsed,negative
ashamed,negative
aside,negative
asleep,negative
ass,negative
assume,negative
assumed,negative
assuming,negative
assumption,negative
assumptions,negative
asthma,negative
astonishing,negative
asymptomatic,negative
attached,negative
attack,negative
attacked,negative
attacking,negative
attacks,negative
attend,negative
attended,negative
attending,negative
authoritarian,negative
authoritarianism,negative
authorities,negative
authority,negative
autism,negative
autistic,negative
autoimmune,negative
avoid,negative
avoidable,negative
avoided,negative
avoiding,negative
awaiting,negative
away,negative
awful,negative
backbenchers,negative
backhand,negative
backs,negative
backwards,negative
bad,negative
badly,negative
badvaccinetakes,negative
ban,negative
bang,negative
banging,negative
bank,negative
banks,negative
banned,negative
banning,negative
bans,negative
barely,negative
barred,negative
bastard,negative
bastards,negative
bat,negative
battle,negative
beany,negative
bear,negative
bearing,negative
beast,negative
beat,negative
beating,negative
beats,negative
beg,negative
begging,negative
behind,negative
besides,negative
bet,negative
beta,negative
bets,negative
bias,negative
biased,negative
bigpharma,negative
bill,negative
billgates,negative
billionaire,negative
bills,negative
bin,negative
binary,negative
bioweapon,negative
bitch,negative
bite,negative
bits,negative
bizarre,negative
blackmail,negative
blah,negative
blame,negative
blamed,negative
blaming,negative
blind,negative
block,negative
blocked,negative
blocking,negative
blood,negative
bloody,negative
blow,negative
blown,negative
blows,negative
bonkers,negative
boom,negative
border,negative
borders,negative
bored,negative
boring,negative
boss,negative
bother,negative
bothered,negative
bothred,negative
bottom,negative
bound,negative
bout,negative
boxing,negative
brainwashed,negative
brand,negative
breach,negative
breaches,negative
breaching,negative
break,negative
breakdown,negative
breaker,negative
breakers,negative
breaking,negative
breaks,negative
breakthrough,negative
brigade,negative
broad,negative
broader,negative
broadly,negative
broke,negative
broken,negative
brutal,negative
bug,negative
bugger,negative
bull,negative
bullet,negative
bullshit,negative
bullying,negative
burden,negative
burn,negative
business,negative
businesses,negative
busy,negative
bye,negative
calculate,negative
calculated,negative
can<U+FFFD>t,negative
cancel,negative
cancellations,negative
cancelled,negative
cancelling,negative
cancer,negative
cancers,negative
cannabis,negative
cannot,negative
can't,negative
capital,negative
capitalism,negative
card,negative
cardiac,negative
cardiovascular,negative
cards,negative
carpet,negative
case,negative
cases,negative
catastrophe,negative
catastrophic,negative
catch,negative
catches,negative
catching,negative
caught,negative
causation,negative
cause,negative
caused,negative
causes,negative
causing,negative
caution,negative
cautious,negative
censor,negative
censored,negative
censoring,negative
censorship,negative
ceo,negative
cev,negative
challenge,negative
challenged,negative
challenges,negative
challenging,negative
chaos,negative
charge,negative
charged,negative
charging,negative
chasing,negative
cheek,negative
chemical,negative
chemicals,negative
chemist,negative
chemo,negative
chest,negative
chicken,negative
chief,negative
chill,negative
chills,negative
China,negative
chinese,negative
chip,negative
chips,negative
chronic,negative
circulating,negative
circulation,negative
circumstances,negative
claim,negative
claimed,negative
claiming,negative
claims,negative
clash,negative
climate,negative
clinical,negative
clinically,negative
clip,negative
clogging,negative
closed,negative
closing,negative
closure,negative
closures,negative
clot,negative
clots,negative
clotting,negative
clown,negative
clowns,negative
clueless,negative
cobra,negative
code,negative
codes,negative
coerce,negative
coerced,negative
coercing,negative
coercion,negative
coincidence,negative
cold,negative
colds,negative
collapse,negative
collapsed,negative
collapsing,negative
collateral,negative
combat,negative
comedy,negative
communication,negative
communist,negative
comorbidities,negative
complain,negative
complaining,negative
complaint,negative
complex,negative
complicated,negative
complications,negative
compromised,negative
compulsory,negative
concern,negative
concerned,negative
concerning,negative
concerns,negative
conflict,negative
confused,negative
confusing,negative
confusion,negative
conned,negative
cons,negative
consequence,negative
consequences,negative
consequentialbr,negative
conservative,negative
conservatives,negative
conspiracies,negative
conspiracy,negative
consultant,negative
contacts,negative
contagious,negative
contaminations,negative
contaminer,negative
contract,negative
contracted,negative
contracting,negative
contracts,negative
contrary,negative
contrast,negative
control,negative
controlled,negative
controlling,negative
controls,negative
controversial,negative
corona,negative
coronavirus,negative
coronaviruses,negative
corporate,negative
corporations,negative
corrupt,negative
corruption,negative
cost,negative
costing,negative
costs,negative
cough,negative
coughing,negative
couldn't,negative
counter,negative
counting,negative
countless,negative
cov,negative
covid,negative
Covid-19,negative
covidiot,negative
covidiots,negative
covids,negative
crack,negative
crap,negative
crash,negative
crazy,negative
crime,negative
crimes,negative
criminal,negative
criminals,negative
crisis,negative
criteria,negative
critical,negative
criticise,negative
criticised,negative
criticism,negative
cross,negative
crossed,negative
crossing,negative
crowd,negative
crowded,negative
crowds,negative
cry,negative
crying,negative
crypto,negative
cult,negative
cunt,negative
cunts,negative
curbs,negative
curfew,negative
curfews,negative
curve,negative
cut,negative
cuts,negative
cutting,negative
daft,negative
damage,negative
damaged,negative
damages,negative
damaging,negative
damn,negative
danger,negative
dangerous,negative
dangers,negative
dark,negative
dead,negative
deadly,negative
death,negative
deaths,negative
debt,negative
declare,negative
declared,negative
declaring,negative
deemed,negative
deep,negative
deeper,negative
deeply,negative
default,negative
defeat,negative
defence,negative
delay,negative
delayed,negative
delaying,negative
delays,negative
delete,negative
deleted,negative
deliberate,negative
deliberately,negative
delta,negative
deluded,negative
delusional,negative
dementia,negative
demonising,negative
demonstration,negative
denial,negative
denied,negative
denier,negative
deniers,negative
deny,negative
denying,negative
depend,negative
dependent,negative
depending,negative
depends,negative
depopulation,negative
depressed,negative
depressing,negative
depression,negative
deserve,negative
deserved,negative
deserves,negative
despair,negative
desperate,negative
desperately,negative
desperation,negative
despite,negative
destroy,negative
destroyed,negative
destroying,negative
destroys,negative
destruction,negative
devastating,negative
diabetes,negative
diagnosed,negative
diagnosis,negative
dick,negative
didn't,negative
die,negative
died,negative
dies,negative
diet,negative
differ,negative
difference,negative
differences,negative
different,negative
differently,negative
difficult,negative
diphtheria,negative
dirty,negative
disabilities,negative
disability,negative
disabled,negative
disagnos,negative
disagnosed,negative
disagree,negative
disappear,negative
disappeared,negative
disappointed,negative
disappointing,negative
disaster,negative
discriminate,negative
discrimination,negative
discriminatory,negative
discuss,negative
discussed,negative
discussing,negative
discussion,negative
discussions,negative
disease,negative
diseases,negative
disgrace,negative
disgraceful,negative
disgusting,negative
disinformation,negative
disingenuous,negative
dismissed,negative
disorders,negative
disruption,negative
distracted,negative
distrust,negative
disturbing,negative
dithering,negative
divide,negative
divided,negative
division,negative
divisive,negative
dizzy,negative
dodgy,negative
doesn<U+FFFD>t,negative
dog,negative
dogs,negative
dominant,negative
don<U+FFFD>t,negative
doom,negative
doubt,negative
downs,negative
draconian,negative
drama,negative
dramatic,negative
dramatically,negative
dreadful,negative
drop,negative
dropin,negative
dropped,negative
dropping,negative
drops,negative
drunk,negative
dude,negative
dumb,negative
dying,negative
ebola,negative
economic,negative
economy,negative
edge,negative
effect,negative
effects,negative
ego,negative
elderly,negative
eldest,negative
eliminate,negative
eliminated,negative
elite,negative
elites,negative
embarrassing,negative
emergency,negative
emotional,negative
emotionally,negative
empty,negative
end,negative
ended,negative
endemic,negative
ending,negative
endless,negative
ends,negative
enemy,negative
enormous,negative
enough,negative
epidemic,negative
error,negative
escape,negative
establishment,negative
eugenics,negative
evade,negative
evades,negative
evading,negative
ever,negative
evil,negative
ex,negative
exams,negative
except,negative
exception,negative
exceptions,negative
excess,negative
excluded,negative
excuse,negative
excuses,negative
exhausted,negative
exhausting,negative
experiment,negative
experimental,negative
exponential,negative
extreme,negative
extremely,negative
faced,negative
faces,negative
facing,negative
factor,negative
factors,negative
fades,negative
failed,negative
failing,negative
fails,negative
failure,negative
failures,negative
fake,negative
fall,negative
fallen,negative
falling,negative
falls,negative
false,negative
fanatic,negative
fanatics,negative
far,negative
farce,negative
fascism,negative
fascist,negative
fascists,negative
fat,negative
fatal,negative
fatalities,negative
fatality,negative
fatigue,negative
fauci,negative
fault,negative
fear,negative
fears,negative
fee,negative
fever,negative
feverish,negative
fewer,negative
fight,negative
fighting,negative
fights,negative
figure,negative
figured,negative
figures,negative
filter,negative
filters,negative
filtration,negative
finance,negative
financial,negative
financially,negative
fined,negative
fines,negative
fire,negative
fired,negative
flash,negative
flawed,negative
flu,negative
fluids,negative
foil,negative
fold,negative
folded,negative
fool,negative
fooled,negative
fools,negative
force,negative
forced,negative
forces,negative
forcing,negative
forget,negative
forgetting,negative
forgot,negative
forgotten,negative
form,negative
former,negative
forms,negative
forward,negative
fought,negative
fraction,negative
fragile,negative
fraud,negative
freaks,negative
freezing,negative
frequent,negative
frequently,negative
frightened,negative
frightening,negative
front,negative
frontline,negative
frost,negative
frustrated,negative
frustrating,negative
frustration,negative
fuck,negative
fucked,negative
fuckin,negative
fucking,negative
fucks,negative
funeral,negative
funerals,negative
furious,negative
fury,negative
gamble,negative
game,negative
games,negative
gang,negative
gap,negative
garbage,negative
gas,negative
gene,negative
genes,negative
genetherapy,negative
genetic,negative
genocide,negative
genome,negative
global,negative
globalist,negative
globally,negative
gloom,negative
goodbye,negative
goverment,negative
government,negative
governments,negative
govs,negative
govts,negative
gps,negative
graphene,negative
graves,negative
greed,negative
grifters,negative
grim,negative
guilty,negative
guinea,negative
gun,negative
gut,negative
gutted,negative
gvt,negative
half,negative
halt,negative
hang,negative
hanging,negative
hangover,negative
hard,negative
harder,negative
hardest,negative
hardly,negative
harm,negative
harmed,negative
harmful,negative
harmless,negative
harms,negative
harsh,negative
hasn't,negative
hate,negative
hatred,negative
haven't,negative
headache,negative
headaches,negative
heartbreaking,negative
heavily,negative
heavy,negative
heck,negative
hell,negative
hepatitis,negative
herd,negative
hesitancy,negative
hesitant,negative
hidden,negative
hide,negative
hiding,negative
highly,negative
highrisk,negative
hit,negative
hitler,negative
hits,negative
hitting,negative
hiv,negative
hoax,negative
hole,negative
holes,negative
holocaust,negative
homeless,negative
horrendous,negative
horrible,negative
horrific,negative
horror,negative
hospitalisation,negative
hospitalisations,negative
hospitalised,negative
hospitalization,negative
hospitalizations,negative
hospitalized,negative
hotel,negative
housebound,negative
household,negative
hunger,negative
hungry,negative
hunt,negative
hurt,negative
hurting,negative
hurts,negative
hypocrisy,negative
hypocrite,negative
hypocrites,negative
hypocritical,negative
hysteria,negative
ice,negative
ideology,negative
idiocy,negative
idiot,negative
idiotic,negative
idiots,negative
ignorance,negative
ignorant,negative
ignore,negative
ignored,negative
ignoring,negative
ill,negative
illegal,negative
illicit,negative
illicitly,negative
illness,negative
illnesses,negative
immoral,negative
immuno,negative
immunocompromised,negative
immunosuppressed,negative
impact,negative
impacted,negative
impacts,negative
impending,negative
imperial,negative
impfpflicht,negative
implant,negative
implants,negative
implications,negative
implies,negative
imply,negative
implying,negative
impose,negative
imposed,negative
imposes,negative
imposing,negative
impossible,negative
inaccurate,negative
inactivated,negative
inadequate,negative
incidence,negative
incident,negative
incompetence,negative
incompetent,negative
inconvenience,negative
incorrect,negative
indefinitely,negative
industries,negative
industry,negative
ineffective,negative
inequality,negative
inequity,negative
inevitable,negative
inevitably,negative
infect,negative
infected,negative
infecting,negative
infection,negative
infections,negative
infectiontransmission,negative
infectious,negative
infects,negative
inflammation,negative
inflation,negative
influence,negative
influenced,negative
influenza,negative
injured,negative
injuries,negative
injury,negative
inoculated,negative
inoculations,negative
inquiry,negative
insane,negative
insanity,negative
insist,negative
insomnia,negative
insulin,negative
insult,negative
intended,negative
intense,negative
intensive,negative
intention,negative
intentionally,negative
interpret,negative
interpretation,negative
intervention,negative
interventions,negative
intramuscular,negative
investigate,negative
investigation,negative
investing,negative
ironic,negative
ironically,negative
irony,negative
irrelevant,negative
irrespective,negative
irresponsible,negative
irreversible,negative
isn't,negative
isolate,negative
isolated,negative
isolating,negative
isolation,negative
issue,negative
issued,negative
issues,negative
jail,negative
judge,negative
judgement,negative
judging,negative
junkies,negative
justification,negative
justified,negative
justify,negative
keep,negative
keeping,negative
keeps,negative
kept,negative
kick,negative
kicked,negative
kicking,negative
kickout,negative
kicks,negative
kidney,negative
kill,negative
killed,negative
killer,negative
killers,negative
killing,negative
kills,negative
knock,negative
knocked,negative
knocking,negative
ko,negative
lack,negative
lag,negative
lasted,negative
late,negative
lately,negative
later,negative
lateral,negative
latest,negative
latter,negative
laughable,negative
laughing,negative
law,negative
laws,negative
lazy,negative
leak,negative
leaked,negative
leaks,negative
leaky,negative
leave,negative
leaves,negative
leaving,negative
lethal,negative
liar,negative
liars,negative
liberal,negative
liberals,negative
libertarian,negative
lie,negative
lied,negative
lien,negative
lies,negative
limit,negative
limited,negative
limiting,negative
limits,negative
load,negative
loads,negative
lobbying,negative
lock,negative
lockdown,negative
lockdowns,negative
locked,negative
locking,negative
locks,negative
londonprotest,negative
lonely,negative
longcovid,negative
longer,negative
longerterm,negative
longterm,negative
looming,negative
looms,negative
loons,negative
loose,negative
loosing,negative
lose,negative
losing,negative
loss,negative
lost,negative
lottery,negative
loud,negative
loudly,negative
lump,negative
lunatic,negative
lung,negative
lungs,negative
lying,negative
lymph,negative
mad,negative
madness,negative
mainstream,negative
malaria,negative
mandate,negative
mandating,negative
mandatory,negative
manipulated,negative
mark,negative
market,negative
marketing,negative
marks,negative
mass,negative
masses,negative
massive,negative
massively,negative
matrix,negative
meaningless,negative
measles,negative
measure,negative
measured,negative
measures,negative
mega,negative
meme,negative
memes,negative
menstrual,negative
mess,negative
messed,negative
microchip,negative
microchips,negative
military,negative
mince,negative
minimal,negative
minimise,negative
minimising,negative
minimum,negative
minister,negative
ministers,negative
ministry,negative
minorities,negative
minority,negative
miserable,negative
misery,negative
misinformation,negative
misleading,negative
miss,negative
missed,negative
missing,negative
mist,negative
mistake,negative
mistakes,negative
mitigate,negative
mitigation,negative
mitigations,negative
moan,negative
moaning,negative
model,negative
modelling,negative
models,negative
moderate,negative
modified,negative
mongering,negative
monkey,negative
monoclonal,negative
mood,negative
moral,negative
morally,negative
moron,negative
moronic,negative
morons,negative
mortality,negative
mucosal,negative
mumps,negative
muppets,negative
murder,negative
murdered,negative
muscle,negative
muscles,negative
mutant,negative
mutate,negative
mutated,negative
mutates,negative
mutating,negative
mutation,negative
mutations,negative
mute,negative
myocarditis,negative
myths,negative
naive,negative
nano,negative
nanoparticle,negative
nanoparticles,negative
nasty,negative
nausea,negative
nazi,negative
nazis,negative
nearly,negative
needed,negative
needing,negative
needle,negative
needles,negative
needs,negative
neg,negative
negative,negative
negligible,negative
neither,negative
nerve,negative
nervous,negative
neurological,negative
nightmare,negative
nobody,negative
nodes,negative
noise,negative
non,negative
noncovid,negative
none,negative
nonsense,negative
noone,negative
nope,negative
note,negative
notes,negative
nothing,negative
notice,negative
noticed,negative
novaccinepassports,negative
nowhere,negative
nuremberg,negative
nut,negative
nuts,negative
nutters,negative
obese,negative
obesity,negative
object,negative
obsen,negative
obsessed,negative
obsession,negative
occur,negative
occurred,negative
occurrence,negative
occurring,negative
occurs,negative
odd,negative
odds,negative
omg,negative
omicron,negative
omicrons,negative
omicronvariant,negative
omikron,negative
opponents,negative
oppose,negative
opposed,negative
opposing,negative
opposite,negative
opposition,negative
organ,negative
organs,negative
outbreak,negative
outbreaks,negative
overrun,negative
overweight,negative
overwhelm,negative
overwhelmed,negative
overwhelming,negative
owned,negative
owner,negative
owners,negative
owns,negative
paid,negative
pain,negative
painful,negative
pains,negative
palpitations,negative
pandemic,negative
pandemics,negative
panic,negative
panicking,negative
paranoid,negative
part,negative
partial,negative
partially,negative
particle,negative
particles,negative
partly,negative
parts,negative
partygate,negative
pass,negative
passed,negative
passes,negative
passing,negative
passport,negative
passports,negative
passsanitaire,negative
passvaccinal,negative
past,negative
patent,negative
patented,negative
patents,negative
pathetic,negative
pathogen,negative
patient,negative
patients,negative
pay,negative
paying,negative
payment,negative
pays,negative
peak,negative
peaked,negative
peddling,negative
pending,negative
pericarditis,negative
persuade,negative
persuaded,negative
petition,negative
pfizergate,negative
pharma,negative
pharmaceutical,negative
pharmaceuticals,negative
pharmas,negative
physical,negative
physically,negative
piece,negative
pig,negative
pigs,negative
piss,negative
pissed,negative
pity,negative
placebo,negative
plague,negative
plan,negative
play,negative
played,negative
player,negative
players,negative
playing,negative
plays,negative
plea,negative
pneumonia,negative
pointed,negative
pointing,negative
pointless,negative
poison,negative
police,negative
policies,negative
policy,negative
polio,negative
political,negative
politically,negative
politician,negative
politicians,negative
politics,negative
pollution,negative
poor,negative
poorer,negative
poorly,negative
positive,negative
positives,negative
positivity,negative
postpone,negative
postponed,negative
pouting,negative
poverty,negative
power,negative
powerful,negative
powers,negative
pox,negative
praise,negative
pray,negative
praying,negative
preaching,negative
precautions,negative
predict,negative
predictable,negative
predicted,negative
predictions,negative
pressure,negative
presumably,negative
presume,negative
pretend,negative
pretending,negative
prevalence,negative
prevalent,negative
price,negative
prices,negative
prick,negative
pricks,negative
primary,negative
prison,negative
privilege,negative
privileged,negative
probability,negative
probably,negative
problem,negative
problems,negative
probs,negative
professor,negative
profits,negative
prolong,negative
prolonging,negative
propaganda,negative
protest,negative
protesters,negative
protesting,negative
protestors,negative
protests,negative
pseudo,negative
pull,negative
pulled,negative
punish,negative
punished,negative
punishment,negative
push,negative
pushed,negative
pushers,negative
pushes,negative
pushing,negative
qanon,negative
qr,negative
quarantine,negative
question,negative
questionable,negative
questioned,negative
questioning,negative
questions,negative
queue,negative
queues,negative
queuing,negative
quit,negative
race,negative
racing,negative
racism,negative
racist,negative
rage,negative
raging,negative
rain,negative
rampant,negative
ran,negative
random,negative
rapies,negative
rash,negative
rat,negative
rats,negative
react,negative
reacted,negative
reacting,negative
reaction,negative
reactions,negative
reactive,negative
rebel,negative
rebellion,negative
refusal,negative
refuse,negative
refused,negative
refusers,negative
refuses,negative
refusing,negative
regard,negative
regarding,negative
regardless,negative
regime,negative
regret,negative
regulations,negative
regulator,negative
regulators,negative
regulatory,negative
reinfected,negative
reinfection,negative
reject,negative
rejected,negative
religion,negative
religious,negative
reluctant,negative
remain,negative
remained,negative
remaining,negative
remains,negative
remove,negative
removed,negative
removing,negative
replace,negative
replaced,negative
reset,negative
resign,negative
resist,negative
resistance,negative
resistant,negative
respiratory,negative
restrict,negative
restricted,negative
restricting,negative
restriction,negative
restrictions,negative
reveal,negative
revealed,negative
reveals,negative
reverse,negative
revolt,negative
richer,negative
rid,negative
riddled,negative
ridiculous,negative
rife,negative
rightwing,negative
riot,negative
riots,negative
rip,negative
risk,negative
riskbenefit,negative
risking,negative
risks,negative
risky,negative
rock,negative
rocket,negative
rotten,negative
rough,negative
roughly,negative
roulette,negative
routine,negative
routinely,negative
rubbish,negative
rubella,negative
rude,negative
ruin,negative
ruined,negative
ruining,negative
rule,negative
ruled,negative
rules,negative
ruling,negative
rumours,negative
run,negative
running,negative
runny,negative
runs,negative
rush,negative
rushed,negative
rushing,negative
sacked,negative
sacrifice,negative
sad,negative
sadly,negative
sanctions,negative
sandcastle,negative
sars,negative
sarscov,negative
saturation,negative
scam,negative
scamdemic,negative
scandal,negative
scandale,negative
scare,negative
scared,negative
scaremongering,negative
scares,negative
scaring,negative
scary,negative
scenario,negative
sceptic,negative
sceptical,negative
scepticism,negative
sceptics,negative
scream,negative
screaming,negative
screwed,negative
scum,negative
seasonal,negative
secondary,negative
secret,negative
segregation,negative
selective,negative
self,negative
selfish,negative
selfishness,negative
selfisolate,negative
sensible,negative
sensors,negative
separate,negative
sequencing,negative
serious,negative
seriously,negative
serynge,negative
severe,negative
severely,negative
severity,negative
shaking,negative
shambles,negative
shame,negative
shamed,negative
shameful,negative
shareholders,negative
sharp,negative
shedding,negative
sheep,negative
sheeple,negative
sheer,negative
shift,negative
shifts,negative
shingles,negative
shit,negative
shits,negative
shitty,negative
shivering,negative
shivers,negative
shock,negative
shocked,negative
shocking,negative
short,negative
shortage,negative
shortages,negative
shorter,negative
shortly,negative
shouldn't,negative
shout,negative
shouting,negative
shove,negative
shut,negative
shutdown,negative
shutdowns,negative
shutting,negative
sick,negative
sickness,negative
side,negative
sideeffect,negative
sideeffects,negative
sides,negative
sideways,negative
sigh,negative
sign,negative
silence,negative
silent,negative
silly,negative
sinister,negative
situation,negative
situations,negative
skeptical,negative
skepticalmutant,negative
skepticalprune,negative
skip,negative
sleep,negative
sleepers,negative
sleeping,negative
sleepy,negative
slept,negative
slip,negative
slippery,negative
slope,negative
small,negative
smaller,negative
smallpox,negative
smoke,negative
smokers,negative
smoking,negative
sneezing,negative
sniffle,negative
soars,negative
socalled,negative
socialist,negative
sold,negative
solihull,negative
sore,negative
sorry,negative
spend,negative
spending,negative
spent,negative
spike,negative
spikes,negative
spikevax,negative
spin,negative
split,negative
spread,negative
spreader,negative
spreaders,negative
spreading,negative
spreads,negative
squeeze,negative
stain,negative
stand,negative
steal,negative
stealing,negative
sterilising,negative
steroids,negative
stick,negative
sticker,negative
stomach,negative
stone,negative
stoned,negative
stop,negative
stopped,negative
stopping,negative
stops,negative
storm,negative
strain,negative
strains,negative
strange,negative
strangers,negative
strategies,negative
strategy,negative
stress,negative
stressed,negative
strict,negative
strictly,negative
strike,negative
stroke,negative
strokes,negative
struck,negative
struggle,negative
struggled,negative
struggling,negative
stuck,negative
stuff,negative
stupid,negative
stupidity,negative
suck,negative
sucks,negative
sudden,negative
suddenly,negative
sue,negative
sued,negative
suffer,negative
suffered,negative
suffering,negative
suicide,negative
suicides,negative
superspreader,negative
suppose,negative
supposed,negative
supposedly,negative
suppressed,negative
suppressing,negative
surge,negative
surgeries,negative
surgery,negative
surges,negative
surgical,negative
surging,negative
surveillance,negative
susceptible,negative
suspect,negative
suspected,negative
suspended,negative
suspicious,negative
sweat,negative
sweats,negative
swine,negative
switch,negative
switched,negative
swollen,negative
symptom,negative
symptomatic,negative
symptoms,negative
syndrome,negative
synthetic,negative
syringe,negative
syringes,negative
system,negative
systems,negative
tactic,negative
tactics,negative
target,negative
targeted,negative
targeting,negative
targets,negative
tattoo,negative
tattoos,negative
tax,negative
taxes,negative
tb,negative
tcell,negative
tcells,negative
tears,negative
temperature,negative
temporarily,negative
temporary,negative
tenebra,negative
terrible,negative
terrified,negative
terrifying,negative
test,negative
tested,negative
tester,negative
testing,negative
tests,negative
tetanus,negative
thin,negative
thisisnothappen,negative
thread,negative
threat,negative
threaten,negative
threatened,negative
threatening,negative
threats,negative
throat,negative
throats,negative
thrombosis,negative
throw,negative
throwing,negative
thrown,negative
thumper,negative
tied,negative
tight,negative
tiny,negative
tired,negative
tiredness,negative
toll,negative
tories,negative
tory,negative
tough,negative
toxic,negative
trace,negative
track,negative
tracking,negative
tragedy,negative
tragic,negative
transmiing,negative
transmissibility,negative
transmissible,negative
transmission,negative
transmit,negative
transmitted,negative
transmitting,negative
transplant,negative
trap,negative
trash,negative
treat,negative
treated,negative
treats,negative
trial,negative
trials,negative
trick,negative
tricky,negative
trigger,negative
triggered,negative
triggers,negative
troll,negative
trolls,negative
trouble,negative
trump,negative
trumps,negative
tsunami,negative
twat,negative
twats,negative
twist,negative
typhoid,negative
tyranny,negative
ultimately,negative
unable,negative
unacceptable,negative
unaware,negative
unbelievable,negative
uncertainty,negative
unclear,negative
uncomfortable,negative
underlying,negative
undermine,negative
uneducated,negative
unelected,negative
unethical,negative
unfair,negative
unfollow,negative
unfortunate,negative
unfortunately,negative
unhealthy,negative
unjabbed,negative
unknown,negative
unless,negative
unlike,negative
unlikely,negative
unlucky,negative
unmasked,negative
unnecessarily,negative
unnecessary,negative
unpleasant,negative
unpopular,negative
unprecedented,negative
unprotected,negative
unrelated,negative
unsafe,negative
unscientific,negative
unsure,negative
untested,negative
untrue,negative
unusual,negative
unvaccinated,negative
unvax,negative
unvaxd,negative
unvaxed,negative
unwell,negative
upset,negative
urge,negative
urged,negative
urgences,negative
urgent,negative
urgently,negative
urges,negative
urging,negative
useless,negative
vaccinedeaths,negative
vaccinemandate,negative
vaccinepassports,negative
vaccinesideeffects,negative
vacuum,negative
variant,negative
variants,negative
varient,negative
varients,negative
vector,negative
veins,negative
versus,negative
victim,negative
victims,negative
vindicated,negative
violate,negative
violated,negative
violence,negative
violent,negative
viral,negative
virtually,negative
virulent,negative
virus,negative
viruses,negative
vs,negative
vulnerable,negative
wait,negative
waited,negative
waiting,negative
waive,negative
waiver,negative
wane,negative
wanes,negative
waning,negative
wankers,negative
war,negative
warn,negative
warned,negative
warning,negative
warnings,negative
warns,negative
warp,negative
wars,negative
wash,negative
washing,negative
wasn't,negative
waste,negative
wasted,negative
wasting,negative
wave,negative
waves,negative
weak,negative
weaken,negative
weakened,negative
weaker,negative
weapon,negative
weapons,negative
weird,negative
weren't,negative
wet,negative
whocares,negative
wild,negative
wind,negative
winter,negative
wipe,negative
wiped,negative
without,negative
wolves,negative
won<U+FFFD>t,negative
won't,negative
woodsharp,negative
wore,negative
worried,negative
worries,negative
worry,negative
worrying,negative
worse,negative
worst,negative
worthless,negative
wouldn't,negative
wrong,negative
wtf,negative
Wuhan,negative
bigtech,negative
ability,positive
able,positive
absence,positive
absolute,positive
absolutely,positive
accept,positive
acceptable,positive
acceptance,positive
accepted,positive
accepting,positive
access,positive
accessible,positive
accommodation,positive
according,positive
account,positive
accountable,positive
accounts,positive
accurate,positive
achieve,positive
achieved,positive
achievement,positive
acknowledge,positive
acquire,positive
acquired,positive
action,positive
actions,positive
active,positive
actively,positive
activities,positive
activity,positive
acts,positive
adapt,positive
adapted,positive
add,positive
added,positive
adding,positive
addition,positive
additional,positive
adds,positive
adequate,positive
adhere,positive
adjusted,positive
admin,positive
administer,positive
administered,positive
administering,positive
admit,positive
admits,positive
admitted,positive
admitting,positive
adopted,positive
adult,positive
adults,positive
advance,positive
advantage,positive
advent,positive
advice,positive
advise,positive
advised,positive
advisers,positive
advising,positive
advisors,positive
advisory,positive
advocate,positive
advocating,positive
afford,positive
agency,positive
agree,positive
agreed,positive
agreeing,positive
agreement,positive
agrees,positive
ahead,positive
aid,positive
aim,positive
alive,positive
alliance,positive
allow,positive
allowed,positive
allowing,positive
allows,positive
alongside,positive
alright,positive
alternative,positive
amazing,positive
analogy,positive
analysis,positive
anniversary,positive
announce,positive
announced,positive
announcement,positive
announces,positive
announcing,positive
annual,positive
annually,positive
answer,positive
answered,positive
answers,positive
antibiotics,positive
antibodies,positive
antibody,positive
anticovid,positive
antidote,positive
antilockdown,positive
antiviral,positive
antivirals,positive
appointment,positive
appointments,positive
appreciate,positive
appreciated,positive
approach,positive
appropriate,positive
approval,positive
approve,positive
approved,positive
approves,positive
arrange,positive
arrival,positive
arri've,positive
arrived,positive
art,positive
artist,positive
artists,positive
arts,positive
ask,positive
asked,positive
asking,positive
asks,positive
assess,positive
assessment,positive
assist,positive
associated,positive
association,positive
athletes,positive
attitude,positive
attitudes,positive
author,positive
authorisation,positive
authorised,positive
authorises,positive
authorization,positive
authorized,positive
authorizes,positive
autonomy,positive
availability,positive
available,positive
awake,positive
award,positive
aware,positive
awareness,positive
awesome,positive
babies,positive
baby,positive
backed,positive
background,positive
backing,positive
balance,positive
balanced,positive
balls,positive
base,positive
based,positive
basic,positive
basically,positive
basics,positive
basis,positive
batch,positive
batches,positive
beautiful,positive
beer,positive
began,positive
begin,positive
beginning,positive
begins,positive
behave,positive
behavior,positive
behaviour,positive
belief,positive
beliefs,positive
believe,positive
believed,positive
believes,positive
believing,positive
bell,positive
bells,positive
beneficial,positive
benefit,positive
benefits,positive
best,positive
better,positive
bid,positive
big,positive
bigger,positive
biggest,positive
bio,positive
biological,positive
biology,positive
bird,positive
birth,positive
birthday,positive
bless,positive
blessed,positive
bold,positive
bollocks,positive
bonus,positive
book,positive
booked,positive
booking,positive
bookings,positive
books,positive
boost,positive
boosted,positive
booster,positive
boostered,positive
boosters,positive
boosting,positive
boosts,positive
born,positive
boyfriend,positive
brain,positive
brains,positive
brave,positive
breastfeeding,positive
breath,positive
breathe,positive
breathing,positive
bridge,positive
bright,positive
brilliant,positive
bring,positive
bringing,positive
brings,positive
bro,positive
brother,positive
brothers,positive
brought,positive
bubble,positive
bubbles,positive
bud,positive
buddy,positive
build,positive
building,positive
built,positive
buy,positive
buying,positive
buys,positive
cake,positive
call,positive
called,positive
calling,positive
calls,positive
calm,positive
came,positive
campaign,positive
campaigns,positive
candidate,positive
capable,positive
capacity,positive
cardiologist,positive
care,positive
cared,positive
career,positive
careful,positive
carefully,positive
carer,positive
carers,positive
cares,positive
caring,positive
carried,positive
carries,positive
carry,positive
carrying,positive
celebrate,positive
celebrating,positive
celebrations,positive
center,positive
centers,positive
central,positive
centre,positive
centres,positive
certain,positive
certainly,positive
certainty,positive
certificate,positive
certificates,positive
certification,positive
champion,positive
chance,positive
chances,positive
change,positive
changed,positive
changes,positive
changing,positive
character,positive
charity,positive
chart,positive
charts,positive
cheaper,positive
check,positive
checked,positive
checking,positive
checks,positive
cheer,positive
cheers,positive
cherry,positive
child,positive
childhood,positive
children,positive
childrens,positive
chocolate,positive
choice,positive
choices,positive
choose,positive
chooses,positive
choosing,positive
chose,positive
chosen,positive
citizen,positive
citizens,positive
civic,positive
civil,positive
clapping,positive
clarify,positive
clarity,positive
classic,positive
clean,positive
cleaner,positive
clear,positive
cleared,positive
clearer,positive
clearly,positive
clever,positive
client,positive
clients,positive
clinic,positive
clinics,positive
closely,positive
closer,positive
closest,positive
club,positive
clubs,positive
clue,positive
coach,positive
cocktail,positive
coffee,positive
cognitive,positive
cohort,positive
cohorts,positive
colleague,positive
colleagues,positive
collect,positive
collection,positive
collective,positive
college,positive
colour,positive
combination,positive
combined,positive
combo,positive
come,positive
comes,positive
comfort,positive
comfortable,positive
coming,positive
common,positive
communities,positive
community,positive
comparable,positive
compare,positive
compared,positive
compares,positive
comparing,positive
comparison,positive
comparisons,positive
compassion,positive
compelling,positive
compensation,positive
complete,positive
completed,positive
completely,positive
compliance,positive
compliant,positive
complied,positive
comply,positive
complying,positive
concept,positive
conclude,positive
conclusion,positive
conclusions,positive
conducted,positive
confidence,positive
confident,positive
confirm,positive
confirmation,positive
confirmed,positive
confirming,positive
confirms,positive
congratulations,positive
connected,positive
connection,positive
conquer,positive
conscience,positive
conscious,positive
consensus,positive
consent,positive
consider,positive
considerably,positive
consideration,positive
considered,positive
considering,positive
considers,positive
consistent,positive
consistently,positive
contacted,positive
contain,positive
contained,positive
contains,positive
content,positive
contents,positive
context,positive
continually,positive
continue,positive
continued,positive
continues,positive
continuing,positive
continuous,positive
continuously,positive
contribute,positive
contributed,positive
contributing,positive
contribution,positive
convenient,positive
conversation,positive
conversations,positive
convince,positive
convinced,positive
convincing,positive
cooking,positive
cool,positive
cope,positive
core,positive
correct,positive
correctly,positive
correlate,positive
correlation,positive
council,positive
councils,positive
count,positive
counted,positive
counts,positive
couple,positive
courage,positive
course,positive
courses,positive
court,positive
covaxin,positive
cover,positive
coverage,positive
covered,positive
covering,positive
covers,positive
create,positive
created,positive
creates,positive
creating,positive
creation,positive
creative,positive
creator,positive
credibility,positive
credible,positive
credit,positive
crew,positive
cronies,positive
crucial,positive
culture,positive
cure,positive
curious,positive
customer,positive
customers,positive
cute,positive
dad,positive
dads,positive
dance,positive
dancing,positive
data,positive
database,positive
daughter,positive
daughters,positive
deal,positive
dealing,positive
deals,positive
dealt,positive
dear,positive
debate,positive
debating,positive
debunked,positive
decent,positive
decide,positive
decided,positive
decides,positive
deciding,positive
decision,positive
decisions,positive
decline,positive
declined,positive
declining,positive
decrease,positive
decreases,positive
decreasing,positive
dedicated,positive
defend,positive
defending,positive
defense,positive
define,positive
definition,positive
degree,positive
degrees,positive
delighted,positive
deliver,positive
delivered,positive
deliveries,positive
delivering,positive
delivery,positive
demand,positive
demanding,positive
demands,positive
democracy,positive
democratic,positive
democrats,positive
demonstrate,positive
demonstrated,positive
demonstrating,positive
deployed,positive
describe,positive
described,positive
description,positive
design,positive
designed,positive
desire,positive
detail,positive
detailed,positive
details,positive
detected,positive
detecting,positive
determine,positive
determined,positive
development,positive
devolved,positive
direct,positive
direction,positive
directly,positive
discover,positive
discovered,positive
distance,positive
distancing,positive
distribute,positive
distributed,positive
distribution,positive
diversity,positive
doc,positive
docs,positive
doctor,positive
doctors,positive
document,positive
documented,positive
documents,positive
domestic,positive
donate,positive
donated,positive
donating,positive
donation,positive
donations,positive
done,positive
dosage,positive
dose,positive
dosed,positive
doses,positive
dosis,positive
double,positive
doubled,positive
doubles,positive
doubling,positive
dozens,positive
draw,positive
drawing,positive
drawn,positive
dream,positive
dreams,positive
drive,positive
driven,positive
driver,positive
drivers,positive
driving,positive
drug,positive
drugs,positive
ear,positive
earning,positive
ears,positive
earth,positive
ease,positive
easier,positive
easily,positive
easing,positive
easy,positive
eat,positive
eating,positive
educate,positive
educated,positive
education,positive
effective,positive
effectively,positive
effectiveness,positive
efficacy,positive
efficiency,positive
efficient,positive
effort,positive
efforts,positive
elected,positive
election,positive
elections,positive
eligibility,positive
eligible,positive
empathy,positive
employees,positive
employer,positive
employers,positive
employment,positive
enable,positive
encourage,positive
encouraged,positive
encourages,positive
encouraging,positive
energy,positive
enforce,positive
enforced,positive
enforcing,positive
engage,positive
engineer,positive
enjoy,positive
enjoyed,positive
enjoying,positive
ensure,positive
ensuring,positive
enter,positive
entered,positive
entering,positive
entertainment,positive
entire,positive
entirely,positive
entourage,positive
entrance,positive
entreprise,positive
entry,positive
environment,positive
epidemiologists,positive
epidemiology,positive
equal,positive
equally,positive
equipment,positive
equity,positive
eradicate,positive
eradicated,positive
essential,positive
essentially,positive
established,positive
estimate,positive
estimated,positive
estimates,positive
ethical,positive
ethics,positive
event,positive
everybody,positive
everyday,positive
everyones,positive
everytime,positive
everywhere,positive
exact,positive
exactly,positive
examine,positive
example,positive
examples,positive
excellent,positive
exchange,positive
excited,positive
exciting,positive
exclusive,positive
executive,positive
exemple,positive
exempt,positive
exemption,positive
exemptions,positive
exercise,positive
exist,positive
existed,positive
existence,positive
existing,positive
exists,positive
expect,positive
expected,positive
experience,positive
experienced,positive
experiences,positive
experiencing,positive
expert,positive
expertise,positive
experts,positive
explain,positive
explanation,positive
extend,positive
extended,positive
extending,positive
extent,positive
extra,positive
extraordinary,positive
fab,positive
fabulous,positive
facilities,positive
facility,positive
fact,positive
factories,positive
factory,positive
facts,positive
factual,positive
fair,positive
fairly,positive
faith,positive
familiar,positive
families,positive
family,positive
famous,positive
fan,positive
fancy,positive
fans,positive
fantastic,positive
fascinating,positive
father,positive
favour,positive
favourite,positive
fda,positive
featuring,positive
feed,positive
feedback,positive
feeding,positive
fella,positive
fellow,positive
fertility,positive
festive,positive
FFP2,positive
fill,positive
filled,positive
filling,positive
final,positive
finally,positive
find,positive
finding,positive
findings,positive
finds,positive
finish,positive
finished,positive
first,positive
firstly,positive
fitness,positive
fits,positive
fixed,positive
flatten,positive
flexed,positive
focus,positive
focused,positive
focusing,positive
folk,positive
folks,positive
follow,positive
followed,positive
followers,positive
following,positive
follows,positive
food,positive
forever,positive
forgive,positive
fortunate,positive
fortunately,positive
found,positive
foundation,positive
frame,positive
frankly,positive
free,positive
freedom,positive
freedoms,positive
freely,positive
fresh,positive
friend,positive
friendly,positive
friends,positive
fuel,positive
fuelled,positive
full,positive
fully,positive
fun,positive
fund,positive
fundamental,positive
fundamentally,positive
funded,positive
funding,positive
funds,positive
funny,positive
future,positive
gain,positive
gained,positive
gather,positive
gathering,positive
gatherings,positive
gay,positive
generation,positive
genius,positive
genuine,positive
genuinely,positive
getvaccinated,positive
getvaxed,positive
getvaxxed,positive
gifts,positive
glad,positive
globe,positive
goals,positive
gold,positive
good,positive
goodness,positive
gorgeous,positive
grade,positive
grandparents,positive
granted,positive
graph,positive
graphic,positive
graphs,positive
grateful,positive
great,positive
greater,positive
greatest,positive
greatly,positive
grew,positive
grinning,positive
ground,positive
grounds,positive
grow,positive
growing,positive
grown,positive
growth,positive
guarantee,positive
guaranteed,positive
guarantees,positive
guard,positive
guests,positive
guidance,positive
guide,positive
guidelines,positive
guy,positive
guys,positive
haha,positive
hand,positive
handed,positive
handful,positive
handle,positive
handling,positive
hands,positive
happily,positive
happiness,positive
happy,positive
headed,positive
heading,positive
healing,positive
health,positive
healthcare,positive
healthier,positive
healthy,positive
heart,positive
hearts,positive
hello,positive
help,positive
helped,positive
helpful,positive
helpine,positive
helping,positive
helpline,positive
helps,positive
hero,positive
heroes,positive
highlight,positive
highlighted,positive
highlighting,positive
highlights,positive
hint,positive
hold,positive
holding,positive
holds,positive
holiday,positive
holidays,positive
holy,positive
home,positive
homes,positive
honest,positive
honestly,positive
honesty,positive
honey,positive
honour,positive
hope,positive
hoped,positive
hopeful,positive
hopefully,positive
hopes,positive
hoping,positive
hosp,positive
hospital,positive
hospitality,positive
hospitals,positive
host,positive
hosts,positive
house,positive
houses,positive
human,positive
humanity,positive
humans,positive
husband,positive
hygiene,positive
ibuprofen,positive
idea,positive
ideal,positive
ideas,positive
identified,positive
identify,positive
identity,positive
imagine,positive
immune,positive
immunisation,positive
immunity,positive
immunized,positive
immunological,positive
immunologist,positive
immunology,positive
implement,positive
implemented,positive
implementing,positive
impressed,positive
impression,positive
impressive,positive
improve,positive
improved,positive
improvement,positive
improves,positive
improving,positive
incentive,positive
incentives,positive
include,positive
included,positive
includes,positive
including,positive
incoming,positive
indeed,positive
independent,positive
independentsage,positive
info,positive
inform,positive
information,positive
informed,positive
inject,positive
injected,positive
injecting,positive
injection,positive
injections,positive
innate,positive
innovation,positive
inspiration,positive
instinct,positive
institute,positive
institutions,positive
instructions,positive
insurance,positive
integrity,positive
intelligence,positive
intelligent,positive
interact,positive
interaction,positive
interest,positive
interested,positive
interesting,positive
interestingly,positive
interests,positive
introduce,positive
introduced,positive
introducing,positive
introduction,positive
invent,positive
invented,positive
inventor,positive
invest,positive
invested,positive
investment,positive
investors,positive
invincible,positive
invite,positive
invited,positive
involved,positive
jab,positive
jabbed,positive
jabbers,positive
jabbing,positive
jabby,positive
jabs,positive
job,positive
jobs,positive
join,positive
joined,positive
joining,positive
joint,positive
joints,positive
journal,positive
journalism,positive
journalist,positive
journalists,positive
joy,positive
justice,positive
keen,positive
key,positive
kid,positive
kids,positive
kind,positive
kindly,positive
kindness,positive
kinds,positive
king,positive
kings,positive
knew,positive
knowing,positive
knowledge,positive
known,positive
knows,positive
lad,positive
lads,positive
lady,positive
lancet,positive
large,positive
largely,positive
larger,positive
largest,positive
lasting,positive
lasts,positive
laugh,positive
launch,positive
launched,positive
lead,positive
leader,positive
leaders,positive
leadership,positive
leading,positive
leads,positive
league,positive
leagues,positive
learn,positive
learned,positive
learning,positive
learnt,positive
legal,positive
legally,positive
legend,positive
legislation,positive
legitimate,positive
leisure,positive
lesson,positive
lessons,positive
liability,positive
liberties,positive
liberty,positive
licitly,positive
life,positive
lifelong,positive
lifes,positive
lifesaving,positive
lifestyle,positive
lifetime,positive
lifted,positive
lifting,positive
light,positive
lights,positive
liked,positive
likelihood,positive
likely,positive
likes,positive
little,positive
live,positive
lived,positive
lives,positive
living,positive
local,positive
logic,positive
logical,positive
logistics,positive
lol,positive
love,positive
loved,positive
lovely,positive
lovers,positive
loves,positive
loving,positive
low,positive
lower,positive
lowers,positive
lowest,positive
luck,positive
luckily,positive
lucky,positive
magic,positive
magical,positive
magically,positive
main,positive
mainly,positive
maintain,positive
major,positive
majority,positive
makers,positive
makes,positive
making,positive
manage,positive
manageable,positive
managed,positive
management,positive
manager,positive
managers,positive
managing,positive
mankind,positive
manufacturers,positive
manufacturing,positive
married,positive
mask,positive
masked,positive
masking,positive
masks,positive
match,positive
matches,positive
mate,positive
mates,positive
meaning,positive
meaningful,positive
meant,positive
med,positive
medic,positive
medical,positive
medically,positive
medication,positive
medications,positive
medicine,positive
medicines,positive
medics,positive
meds,positive
meet,positive
meeting,positive
meetings,positive
member,positive
members,positive
memories,positive
memory,positive
mental,positive
mentality,positive
mentally,positive
mention,positive
mentioned,positive
mentioning,positive
mentions,positive
merry,positive
merrychristmas,positive
message,positive
messages,positive
messaging,positive
mild,positive
milder,positive
mildly,positive
mind,positive
minded,positive
minds,positive
minor,positive
miracle,positive
mit,positive
mix,positive
mixed,positive
mixing,positive
mom,positive
monitor,positive
monitored,positive
monitoring,positive
mother,positive
mothers,positive
motivation,positive
move,positive
moved,positive
movement,positive
moves,positive
moving,positive
mum,positive
mums,positive
music,positive
nation,positive
national,positive
nations,positive
natural,positive
naturally,positive
nature,positive
natures,positive
necessarily,positive
necessary,positive
nephew,positive
nephrologist,positive
nest,positive
network,positive
neutralising,positive
neutralizing,positive
new,positive
newly,positive
news,positive
newspaper,positive
newspapers,positive
nightingale,positive
nobel,positive
normal,positive
normality,positive
normally,positive
novax,positive
nuance,positive
nuanced,positive
nurse,positive
nurses,positive
nursing,positive
objective,positive
observation,positive
observed,positive
obtained,positive
offer,positive
offered,positive
offering,positive
offers,positive
official,positive
officially,positive
officials,positive
open,positive
opened,positive
opening,positive
openly,positive
opens,positive
operating,positive
operation,positive
operations,positive
opportunities,positive
opportunity,positive
optimism,positive
optimistic,positive
order,positive
ordered,positive
orders,positive
organisation,positive
organised,positive
original,positive
outcomes,positive
outweigh,positive
outweighs,positive
overcome,positive
oxford,positive
oxygen,positive
painkillers,positive
pal,positive
pals,positive
papers,positive
paracetamol,positive
parent,positive
parents,positive
participants,positive
participate,positive
parties,positive
partner,positive
partners,positive
partnership,positive
party,positive
partying,positive
partys,positive
patience,positive
paxlovid,positive
pcr,positive
pcrs,positive
peace,positive
peaceful,positive
perfect,positive
perfectly,positive
performance,positive
personality,positive
perspective,positive
pharmacies,positive
pharmacist,positive
pharmacists,positive
pharmacy,positive
phd,positive
physicians,positive
pick,positive
picked,positive
picking,positive
pill,positive
pills,positive
placed,positive
places,positive
planet,positive
pleased,positive
pleasure,positive
plus,positive
polite,positive
pop,positive
popped,positive
popping,positive
popular,positive
popup,positive
possibility,positive
possible,positive
possibly,positive
practical,positive
practice,positive
practices,positive
precious,positive
precisely,positive
prefer,positive
preferred,positive
pregnancy,positive
pregnant,positive
prepare,positive
prepared,positive
preparing,positive
preprint,positive
prescribed,positive
present,positive
presented,positive
presenter,positive
presenting,positive
presents,positive
press,positive
prevent,positive
preventable,positive
preventative,positive
prevented,positive
preventing,positive
prevention,positive
prevents,positive
primarily,positive
principle,positive
principles,positive
prior,positive
priorities,positive
prioritise,positive
prioritised,positive
prioritising,positive
priority,positive
private,positive
pro,positive
process,positive
processes,positive
procurement,positive
produce,positive
produced,positive
produces,positive
producing,positive
product,positive
production,positive
productive,positive
products,positive
profession,positive
professional,positive
professionals,positive
project,positive
projects,positive
proof,positive
proper,positive
properly,positive
property,positive
proportion,positive
proposal,positive
prospect,positive
protect,positive
protected,positive
protecting,positive
protection,positive
protections,positive
protective,positive
protects,positive
protocol,positive
protocols,positive
proud,positive
provaccine,positive
provax,positive
prove,positive
proved,positive
proven,positive
proves,positive
provide,positive
provided,positive
providers,positive
provides,positive
providing,positive
proving,positive
pub,positive
published,positive
pubs,positive
punch,positive
pure,positive
purely,positive
put,positive
puts,positive
putting,positive
qualifications,positive
qualified,positive
qualify,positive
quality,positive
queen,positive
queens,positive
quick,positive
quicker,positive
quickly,positive
quiet,positive
quietly,positive
raise,positive
raised,positive
raises,positive
raising,positive
rally,positive
rapid,positive
rapidly,positive
rare,positive
rarely,positive
rational,positive
rationale,positive
reach,positive
reached,positive
ready,positive
realworld,positive
reason,positive
reasonable,positive
reasoning,positive
reasons,positive
reassuring,positive
recall,positive
receive,positive
received,positive
receives,positive
receiving,positive
recognise,positive
recognised,positive
recognition,positive
recognize,positive
recommend,positive
recommendation,positive
recommendations,positive
recommended,positive
recommending,positive
recommends,positive
record,positive
recorded,positive
records,positive
recover,positive
recovered,positive
recovering,positive
recovery,positive
reduce,positive
reduced,positive
reduces,positive
reducing,positive
reduction,positive
refer,positive
reference,positive
referred,positive
referring,positive
reflect,positive
register,positive
registered,positive
relate,positive
related,positive
relating,positive
relation,positive
relationship,positive
relative,positive
relatives,positive
relax,positive
relaxing,positive
release,positive
released,positive
relevant,positive
reliable,positive
relief,positive
relies,positive
relieved,positive
rely,positive
relying,positive
remarkable,positive
remember,positive
remembering,positive
remind,positive
reminded,positive
reminder,positive
reminding,positive
reminds,positive
reopen,positive
reopening,positive
replies,positive
reply,positive
represent,positive
representative,positive
rescue,positive
research,positive
researched,positive
researchers,positive
researching,positive
resource,positive
resources,positive
respect,positive
respected,positive
respond,positive
responded,positive
responding,positive
response,positive
responses,positive
responsibility,positive
responsible,positive
restaurant,positive
restaurants,positive
result,positive
resulted,positive
resulting,positive
results,positive
retired,positive
return,positive
returned,positive
returning,positive
retweet,positive
review,positive
reviewed,positive
reviews,positive
reward,positive
rich,positive
right,positive
rightly,positive
rights,positive
rise,positive
rises,positive
rising,positive
robust,positive
royal,positive
safe,positive
safely,positive
safer,positive
safest,positive
safety,positive
sage,positive
sake,positive
sale,positive
sales,positive
samaritans,positive
sane,positive
sanitise,positive
santa,positive
save,positive
saved,positive
saves,positive
saving,positive
schedule,positive
scheme,positive
school,positive
schools,positive
science,positive
scientific,positive
scientifically,positive
scientist,positive
scientists,positive
screening,positive
seatbelt,positive
seatbelts,positive
second,positive
secure,positive
security,positive
selected,positive
selection,positive
serve,positive
served,positive
serves,positive
service,positive
services,positive
serving,positive
sets,positive
sex,positive
shape,positive
share,positive
shared,positive
sharedfacts,positive
shares,positive
sharing,positive
shelter,positive
shield,positive
shielding,positive
shoot,positive
shop,positive
shopping,positive
shops,positive
shot,positive
shots,positive
signal,positive
signals,positive
signatures,positive
signed,positive
signing,positive
signs,positive
simple,positive
simply,positive
singing,positive
sis,positive
sister,positive
sisters,positive
skills,positive
slight,positive
slightest,positive
slightly,positive
smart,positive
smile,positive
smiling,positive
social,positive
socialise,positive
socialising,positive
socially,positive
societal,positive
society,positive
soft,positive
soldiers,positive
solid,positive
solidarity,positive
solution,positive
solutions,positive
solve,positive
song,positive
songs,positive
sons,positive
soon,positive
sooner,positive
sort,positive
sorted,positive
sorting,positive
sorts,positive
soul,positive
souls,positive
spare,positive
spared,positive
special,positive
specialist,positive
specialists,positive
specific,positive
specifically,positive
spirit,positive
sport,positive
sporting,positive
sports,positive
spouting,positive
spring,positive
squad,positive
stable,positive
staff,positive
staffing,positive
standard,positive
standards,positive
standing,positive
stands,positive
star,positive
stars,positive
start,positive
started,positive
starting,positive
starts,positive
statistic,positive
statistical,positive
statistically,positive
statistics,positive
stats,positive
staysafe,positive
step,positive
stepped,positive
steps,positive
stocks,positive
store,positive
stored,positive
stores,positive
streng,positive
strength,positive
strengthe,positive
strengthen,positive
strong,positive
stronger,positive
strongly,positive
student,positive
students,positive
studied,positive
studies,positive
study,positive
subject,positive
subjects,positive
submission,positive
submit,positive
subscription,positive
substantial,positive
substantially,positive
success,positive
successful,positive
successfully,positive
sugar,positive
suggest,positive
suggested,positive
suggesting,positive
suggestion,positive
suggestions,positive
suggests,positive
suit,positive
suits,positive
summer,positive
sunshine,positive
super,positive
supplied,positive
supplies,positive
supply,positive
support,positive
supported,positive
supporter,positive
supporters,positive
supporting,positive
supports,positive
supreme,positive
surely,positive
survival,positive
survive,positive
survived,positive
surviving,positive
sustainable,positive
swear,positive
sweet,positive
sympathy,positive
tablet,positive
tablets,positive
tackle,positive
tackling,positive
take,positive
taken,positive
takes,positive
taking,positive
tanks,positive
task,positive
taste,positive
taught,positive
teach,positive
teacher,positive
teachers,positive
teaching,positive
team,positive
teams,positive
teen,positive
teenagers,positive
teens,positive
telework,positive
thank,positive
thankful,positive
thankfully,positive
thanks,positive
thankyou,positive
theorist,positive
theorists,positive
think,positive
thinking,positive
thinks,positive
thoroughly,positive
thought,positive
thoughts,positive
tip,positive
tips,positive
together,positive
tool,positive
top,positive
topic,positive
tourism,positive
train,positive
trained,positive
training,positive
trains,positive
transition,positive
transparency,positive
transparent,positive
travel,positive
travellers,positive
travelling,positive
treating,positive
treatment,positive
treatments,positive
trend,positive
trending,positive
trip,positive
triple,positive
triplevaxed,positive
trips,positive
true,positive
truly,positive
trust,positive
trusted,positive
trusting,positive
trusts,positive
truth,positive
truthinnumber,positive
truths,positive
truthwins,positive
try,positive
trying,positive
tweaked,positive
ultra,positive
uncle,positive
understand,positive
understanding,positive
understood,positive
union,positive
unions,positive
unique,positive
unit,positive
united,positive
units,positive
universal,positive
university,positive
upcoming,positive
update,positive
updated,positive
updates,positive
uptake,positive
upwards,positive
use,positive
used,positive
useful,positive
users,positive
uses,positive
using,positive
usual,positive
usually,positive
utterly,positive
vacation,positive
vaccinate,positive
vaccinated,positive
vaccinatetest,positive
vaccinating,positive
vaccination,positive
vaccinations,positive
vaccinator,positive
vaccinators,positive
vaccine,positive
vaccinebooster,positive
vaccineplease,positive
vaccines,positive
vaccinessavelives,positive
vaccineswork,positive
valid,positive
valuable,positive
value,positive
variety,positive
various,positive
vax,positive
vaxed,positive
vaxer,positive
vaxers,positive
vaxes,positive
vaxing,positive
vaxs,positive
vegan,positive
ventilate,positive
ventilated,positive
ventilation,positive
ventilator,positive
ventilators,positive
verified,positive
viable,positive
vibes,positive
virologist,positive
virologists,positive
virology,positive
virtue,positive
visible,positive
visit,positive
visited,positive
visiting,positive
visitors,positive
visits,positive
vital,positive
vitamin,positive
vitamins,positive
voluntarily,positive
voluntary,positive
volunteer,positive
volunteered,positive
volunteering,positive
volunteers,positive
vote,positive
voted,positive
voter,positive
voters,positive
votes,positive
voting,positive
wake,positive
waking,positive
warm,positive
wealth,positive
wealthy,positive
wear,positive
wearamask,positive
wearing,positive
wears,positive
wedding,positive
welby,positive
welcome,positive
welcomed,positive
welfare,positive
well,positive
wellbeing,positive
whistle,positive
white,positive
whitty,positive
whole,positive
whooping,positive
wife,positive
wifes,positive
willing,positive
willingly,positive
win,positive
wine,positive
winking,positive
winner,positive
winning,positive
wins,positive
wise,positive
wish,positive
wishes,positive
wishing,positive
within,positive
woken,positive
won,positive
wonderful,positive
work,positive
worked,positive
worker,positive
workers,positive
working,positive
workplace,positive
works,positive
worth,positive
wrap,positive
yes,positive
young,positive
younger,positive
youngest,positive
youth,positive
zinc,positive
